candidate,term,status,matched_synonyms,top50_capture_fraction,normalized_entropy,enrichment_z,permutation_p
amf::mb8_adaptive::k12,outlet_socket,OK,4,0.78,0.32188674199466094,7.925533263734452,0.005
amf::mb8_adaptive::k12,plug,OK,1,0.64,0.477904493888141,8.067292045387735,0.005
amf::mb8_adaptive::k12,power_strip,OK,1,0.56,0.4729428982363784,5.840485867884604,0.005
amf::mb8_adaptive::k12,charger,OK,1,0.44,0.543475829154256,4.279803833883814,0.005
amf::mb8_adaptive::k12,keyboard,OK,1,0.96,0.06758569693090931,17.055596918503905,0.005
amf::mb8_adaptive::k12,mouse,OK,1,1.0,-0.0,28.067273571359507,0.005
amf::mb8_adaptive::k12,battery,OK,1,0.52,0.41992491718671054,11.47989612896157,0.005
amf::mb8_adaptive::k12,display,OK,3,0.42,0.5048260427251389,3.647468085461645,0.005
classic::evidence_accumulation::k14,outlet_socket,OK,4,0.68,0.3742488204734263,12.8714354514586,0.005
classic::evidence_accumulation::k14,plug,OK,1,0.52,0.4861929436398729,12.373711347245152,0.005
classic::evidence_accumulation::k14,power_strip,OK,1,0.46,0.5522539224368138,8.591995787269525,0.005
classic::evidence_accumulation::k14,charger,OK,1,0.36,0.5948534955273017,6.187489991031177,0.005
classic::evidence_accumulation::k14,keyboard,OK,1,0.92,0.1371501215127252,27.451219296849143,0.005
classic::evidence_accumulation::k14,mouse,OK,1,0.98,0.0371492927340176,31.555492740678638,0.005
classic::evidence_accumulation::k14,battery,OK,1,0.84,0.22118157156116297,26.236544345459528,0.005
classic::evidence_accumulation::k14,display,OK,3,0.44,0.5017493288847737,8.622344668720157,0.005
fgw::mb4::k12,outlet_socket,OK,4,0.46,0.6411872008559727,8.504839480234367,0.005
fgw::mb4::k12,plug,OK,1,0.28,0.7139571971041712,3.834773302565173,0.005
fgw::mb4::k12,power_strip,OK,1,0.32,0.714723931846392,4.494557853477872,0.01
fgw::mb4::k12,charger,OK,1,0.42,0.6539822251061235,8.034690391864322,0.005
fgw::mb4::k12,keyboard,OK,1,0.96,0.06758569693090931,28.964321657653553,0.005
fgw::mb4::k12,mouse,OK,1,1.0,-0.0,30.64496222810067,0.005
fgw::mb4::k12,battery,OK,1,0.86,0.2168135651557203,24.419333836555992,0.005
fgw::mb4::k12,display,OK,3,0.6,0.4642260781970487,13.997227858930684,0.005
mcsf::mb3::k14,outlet_socket,OK,4,0.44,0.5990837008690227,7.120886533680321,0.005
mcsf::mb3::k14,plug,OK,1,0.28,0.6722540533088005,3.944146627164695,0.005
mcsf::mb3::k14,power_strip,OK,1,0.32,0.7008015194886366,4.374041481491239,0.01
mcsf::mb3::k14,charger,OK,1,0.44,0.6324323939935704,8.794173570365217,0.005
mcsf::mb3::k14,keyboard,OK,1,0.92,0.1371501215127252,25.878779146256285,0.005
mcsf::mb3::k14,mouse,OK,1,1.0,-0.0,31.54600671700347,0.005
mcsf::mb3::k14,battery,OK,1,0.9,0.17366082664042579,26.593995392672564,0.005
mcsf::mb3::k14,display,OK,3,0.46,0.5338171069773813,9.232424860931049,0.005
mge::single_link::k16,outlet_socket,OK,4,0.46,0.5580277352772031,7.971445369761739,0.005
mge::single_link::k16,plug,OK,1,0.24,0.6898645000202223,2.693775403343518,0.04
mge::single_link::k16,power_strip,OK,1,0.26,0.6602958844842735,2.8235683478713893,0.025
mge::single_link::k16,charger,OK,1,0.36,0.7185411874877702,6.589342263740708,0.005
mge::single_link::k16,keyboard,OK,1,0.88,0.1698890913434758,25.55012220316834,0.005
mge::single_link::k16,mouse,OK,1,0.94,0.08186122978861908,28.866469735448906,0.005
mge::single_link::k16,battery,OK,1,0.9,0.16529710076950435,28.218372399638632,0.005
mge::single_link::k16,display,OK,3,0.38,0.5999912163897204,7.031489098647819,0.005
tac::radio_siglip2g_head::k14,outlet_socket,OK,4,0.46,0.5889221613283627,9.178039270167769,0.005
tac::radio_siglip2g_head::k14,plug,OK,1,0.28,0.6762194703377731,5.839726489545939,0.005
tac::radio_siglip2g_head::k14,power_strip,OK,1,0.32,0.7072833356672517,7.342177049134682,0.005
tac::radio_siglip2g_head::k14,charger,OK,1,0.26,0.7848811668395559,4.743853223780823,0.005
tac::radio_siglip2g_head::k14,keyboard,OK,1,0.92,0.12267872308226502,33.16269020290825,0.005
tac::radio_siglip2g_head::k14,mouse,OK,1,1.0,-0.0,34.33319120213429,0.005
tac::radio_siglip2g_head::k14,battery,OK,1,0.92,0.14765610291421294,29.20297068447155,0.005
tac::radio_siglip2g_head::k14,display,OK,3,0.76,0.3105572279640616,26.026318263980873,0.005
temi::siglip2::k14,outlet_socket,OK,4,0.34,0.7005807632730495,3.6662409794414,0.005
temi::siglip2::k14,plug,OK,1,0.36,0.6310966193724661,6.1505241023730175,0.005
temi::siglip2::k14,power_strip,OK,1,0.4,0.6325456372517959,6.820679312580956,0.005
temi::siglip2::k14,charger,OK,1,0.32,0.7228626670632372,4.546412290957906,0.005
temi::siglip2::k14,keyboard,OK,1,0.84,0.25064896080789595,21.549255451868927,0.005
temi::siglip2::k14,mouse,OK,1,0.54,0.4488179843334568,12.84673519778347,0.005
temi::siglip2::k14,battery,OK,1,0.4,0.47825131462321496,8.76978365396193,0.005
temi::siglip2::k14,display,OK,3,0.34,0.5998202827423792,5.073225700882134,0.005
turtle::mb8::k12,outlet_socket,OK,4,0.4,0.6815716406569894,5.940220718915578,0.005
turtle::mb8::k12,plug,OK,1,0.4,0.6883411958916965,8.994340818000984,0.005
turtle::mb8::k12,power_strip,OK,1,0.34,0.7249785941090087,6.83562810025405,0.005
turtle::mb8::k12,charger,OK,1,0.36,0.7135864189510841,7.382175546671907,0.005
turtle::mb8::k12,keyboard,OK,1,0.94,0.1067075789832649,27.63474254976557,0.005
turtle::mb8::k12,mouse,OK,1,1.0,-0.0,26.02559399813407,0.005
turtle::mb8::k12,battery,OK,1,0.66,0.4265968115743754,14.058983633063557,0.005
turtle::mb8::k12,display,OK,3,0.48,0.4724635150119473,12.368435564411836,0.005
