candidate,dms_ami_labels,dms_material_partial_r2,dms_material_partial_r2_p,dms_cosine_within_minus_between,dms_cosine_gap_p,interpretation
amf::mb8_adaptive::k12,0.09889712659997699,0.12422603121911324,0.005,0.02466054193272027,0.005,post-hoc support only
classic::evidence_accumulation::k14,0.11258613676085079,0.14608882246888577,0.005,0.05040565071529557,0.005,post-hoc support only
fgw::mb4::k12,0.09844565797945999,0.1346836222748583,0.005,0.047113957361561876,0.005,post-hoc support only
mcsf::mb3::k14,0.11002455479075955,0.13885672481475353,0.005,0.04584349138295041,0.005,post-hoc support only
mge::single_link::k16,0.10290992529917066,0.13595243009083902,0.005,0.048767952256992486,0.005,post-hoc support only
tac::radio_siglip2g_head::k14,0.10681141504882993,0.1404244058193549,0.005,0.047626815430262814,0.005,post-hoc support only
temi::siglip2::k14,0.06837027568398939,0.08177032833351727,0.005,0.03146017990714778,0.005,post-hoc support only
turtle::mb8::k12,0.10610815410761561,0.12217505430824693,0.005,0.0413946843635109,0.005,post-hoc support only
existing_8view_kmeans_k12,0.11396508612714029,0.13689169148730518,0.005,0.050103173876012264,0.005,post-hoc support only
