family,arm,candidate,k,function_enrichment_z,function_coverage_adjusted,stability_ari,adjacent_k_persistence,silhouette,source_nmi,selection_score
turtle,mb8,turtle::mb8::k6,6,94.59641529686895,0.3197278911564625,,,0.18436793982982635,0.11825123489092566,0.4840909090909091
turtle,mb8,turtle::mb8::k10,10,143.1576323361091,0.2673469387755103,,0.8409833020243759,0.24729745090007782,0.15309324344211536,0.5172727272727272
turtle,mb8,turtle::mb8::k11,11,166.99151046384583,0.3116883116883117,,0.8265198878358306,0.27747514843940735,0.15862136305904387,0.5709090909090909
turtle,mb8,turtle::mb8::k12,12,172.5109734342073,0.26530612244897955,0.9526519062437012,0.8480387306243098,0.2543066442012787,0.15919598239655758,0.6972727272727273
turtle,mb8,turtle::mb8::k13,13,188.62204602054805,0.2982731554160125,,0.848072955415555,0.27098095417022705,0.15641054698840187,0.7227272727272727
turtle,mb8,turtle::mb8::k14,14,195.883038954694,0.27696793002915454,,0.8317275669179528,0.2743614614009857,0.15982866113467512,0.6554545454545454
turtle,mb8,turtle::mb8::k18,18,209.93212801641218,0.12244897959183682,,,0.2385421097278595,0.14518986546025894,0.6249999999999999
turtle,mb4,turtle::mb4::k6,6,95.09517727135943,0.34353741496598644,,,0.17916136980056763,0.0994873510176563,0.4900000000000001
turtle,mb4,turtle::mb4::k11,11,167.98522776672485,0.21706864564007433,,0.8036679139811793,0.2667522430419922,0.1563920245974346,0.5599999999999999
turtle,mb4,turtle::mb4::k12,12,162.04012489613373,0.2789115646258503,0.9396997262659079,0.7983460730908152,0.24796244502067566,0.16220030011749914,0.57
turtle,mb4,turtle::mb4::k13,13,187.25746052587732,0.2998430141287284,,0.8597931037334953,0.2695576846599579,0.15738180967011875,0.6949999999999998
turtle,mb4,turtle::mb4::k14,14,190.60287199302428,0.2565597667638484,,0.8713645778424687,0.26439735293388367,0.1584119769131401,0.7250000000000001
turtle,mb4,turtle::mb4::k16,16,179.17166284334397,0.17984693877551017,,,0.24191512167453766,0.15171251947930103,0.5449999999999999
turtle,mb4,turtle::mb4::k18,18,200.22781081011752,0.09863945578231292,,,0.20212675631046295,0.16546600491439806,0.54
temi,siglip2,temi::siglip2::k4,4,59.17617263140649,0.08673469387755106,,,0.05983280763030052,0.03483573780818664,0.43000000000000005
temi,siglip2,temi::siglip2::k6,6,76.4157653480658,0.19047619047619035,,,0.07444066554307938,0.11699802953613277,0.5499999999999999
temi,siglip2,temi::siglip2::k10,10,86.88359882214621,0.3081632653061225,,,0.06967126578092575,0.09065862858704829,0.635
temi,siglip2,temi::siglip2::k12,12,119.11540136095954,0.30442176870748294,,0.31128077264766846,0.10548661649227142,0.17634901706144127,0.735
temi,siglip2,temi::siglip2::k13,13,70.96283709348997,0.06436420722135017,,0.3000308269663434,0.06690069288015366,0.16898585239062158,0.41500000000000004
temi,siglip2,temi::siglip2::k16,16,111.18304807267292,0.044642857142857095,,0.2730956488001607,0.05343148857355118,0.09315073243642559,0.51
temi,siglip2,temi::siglip2::k22,22,123.65553071848488,0.06957328385899808,,,0.09346126019954681,0.1453814275101529,0.6849999999999998
temi,radio,temi::radio::k8,8,122.628216329294,0.30612244897959184,,,0.13193263113498688,0.07189111671859288,0.645
temi,radio,temi::radio::k10,10,116.96402844116862,0.15510204081632661,,0.2901312848747854,0.11535416543483734,0.07175269644791575,0.53
temi,radio,temi::radio::k13,13,159.65290616035122,0.11930926216640503,,0.3720758010372103,0.1336168646812439,0.08425611313964737,0.7424999999999999
temi,radio,temi::radio::k14,14,154.12865890629877,0.20262390670553931,,0.3954851674982268,0.14835518598556519,0.11298741104962794,0.78
temi,msn,temi::msn::k6,6,57.9833861560316,0.013605442176870652,,,0.07910001277923584,0.058275942520161814,0.43
temi,msn,temi::msn::k9,9,101.97838520246593,0.22675736961451243,,0.31139814781700126,0.0786689966917038,0.07033734388834888,0.785
temi,msn,temi::msn::k12,12,90.33598530318415,0.017006802721088454,,0.21633726384957624,0.027455154806375504,0.06017234337613367,0.41750000000000004
temi,msn,temi::msn::k16,16,100.79249832671347,0.08290816326530615,,,0.028690312057733536,0.04793750706396247,0.615
temi,msn,temi::msn::k18,18,102.27221263861995,0.09637188208616787,,,0.007428394164890051,0.04983699061253051,0.6649999999999999
temi,franca,temi::franca::k4,4,86.70450202501229,0.0357142857142857,,,0.08064477890729904,0.015783421351356835,0.36944444444444446
temi,franca,temi::franca::k6,6,100.48343940202942,0.15986394557823136,,,0.10794875025749207,0.03171314382093299,0.4972222222222223
temi,franca,temi::franca::k8,8,116.88569035395831,0.15816326530612246,,0.45436932232143773,0.14149262011051178,0.06066067815040389,0.6666666666666666
temi,franca,temi::franca::k9,9,107.22695657123724,0.1995464852607709,,0.40721050055658436,0.097828209400177,0.05490259942358584,0.5291666666666666
temi,franca,temi::franca::k12,12,131.1982262114166,-0.023809523809523725,,0.36084216039067785,0.10021775215864182,0.027344404997037913,0.47638888888888886
temi,franca,temi::franca::k14,14,156.58847670338756,0.1297376093294461,,,0.11525380611419678,0.04732435846458537,0.6861111111111111
temi,franca,temi::franca::k16,16,154.21463206138841,0.06887755102040816,,,0.12235169112682343,0.04651118258675166,0.6527777777777777
temi,fashionsiglip,temi::fashionsiglip::k4,4,58.61643330487772,0.1071428571428571,,,0.06277971714735031,0.044015883366945285,0.48750000000000004
temi,fashionsiglip,temi::fashionsiglip::k6,6,86.79069969657849,0.15646258503401356,,,0.07735185325145721,0.06693229993213709,0.5666666666666667
temi,fashionsiglip,temi::fashionsiglip::k8,8,93.77845145971419,0.19387755102040816,,,0.05892680212855339,0.03749169914895394,0.5958333333333333
temi,fashionsiglip,temi::fashionsiglip::k10,10,110.0124084565502,0.07755102040816331,,,0.05946099013090134,0.04932017589845095,0.6625
temi,fashionsiglip,temi::fashionsiglip::k14,14,105.37007406521295,0.05685131195335269,,0.24398254665438418,0.04657868295907974,0.07334941704121255,0.48333333333333334
temi,fashionsiglip,temi::fashionsiglip::k15,15,98.79478800648009,0.2,,0.2840929471892572,0.061910271644592285,0.12352683269526525,0.6333333333333333
temi,fashionsiglip,temi::fashionsiglip::k17,17,82.89955070433597,0.09363745498199283,,0.25211467571647517,0.03077014721930027,0.10349520750527502,0.4041666666666667
temi,fashionsiglip,temi::fashionsiglip::k18,18,108.95830554234864,0.007936507936507853,,0.22109853275902022,0.050490763038396835,0.06294727734041775,0.5041666666666667
temi,fashionsiglip,temi::fashionsiglip::k20,20,122.69010127137828,0.06734693877551029,,,0.03347831219434738,0.07148573181254401,0.6333333333333333
temi,fashionsiglip,temi::fashionsiglip::k22,22,116.66030455056156,0.04638218923933202,,,0.05883171409368515,0.09640882036326799,0.5708333333333333
temi,dinov2,temi::dinov2::k4,4,48.8807884870891,0.0357142857142857,,,0.060709305107593536,0.006335584462365455,0.3583333333333334
temi,dinov2,temi::dinov2::k7,7,79.75715760158586,0.16618075801749277,,0.2824952961807903,0.06809914857149124,0.012952582514265003,0.525
temi,dinov2,temi::dinov2::k9,9,127.63811910643736,0.26077097505668934,,0.29229981337348887,0.09735717624425888,0.06523780099649573,0.7222222222222222
temi,dinov2,temi::dinov2::k10,10,105.01244615207274,0.10408163265306125,,0.2837880746357495,0.08420546352863312,0.05315366125727347,0.5736111111111111
temi,dinov2,temi::dinov2::k12,12,127.94409490503976,0.1496598639455783,,,0.11779189109802246,0.07136539275700024,0.6305555555555555
temi,dinov2,temi::dinov2::k14,14,105.2368871004351,0.061224489795918435,,,0.07191890478134155,0.06342908513363439,0.47500000000000003
temi,dinov2,temi::dinov2::k18,18,133.60426727196685,0.09637188208616787,,,0.059128183871507645,0.0568300750192047,0.6194444444444445
temi,dinov2,temi::dinov2::k22,22,132.7273323224735,0.06679035250463822,,,0.08939239382743835,0.10575372990824007,0.5805555555555555
tac,siglip2_head,tac::siglip2_head::k12,12,191.1378393105799,0.26360544217687076,0.7610264044429521,0.7837321108956135,0.2542046308517456,0.10903364844631355,0.705
tac,siglip2_head,tac::siglip2_head::k13,13,201.2115250457055,0.2103610675039247,0.8485469918985679,0.8440983637360615,0.2852970361709595,0.1490397535300275,0.8500000000000001
tac,siglip2_head,tac::siglip2_head::k14,14,182.39303271390364,0.282798833819242,0.9518370408764344,0.8329513335706277,0.25322675704956055,0.15981968037674313,0.72
tac,siglip2_head,tac::siglip2_head::k16,16,202.27950786947858,0.19005102040816324,0.7987005651553517,,0.22936369478702545,0.14953854355122034,0.7
tac,siglip2_head,tac::siglip2_head::k22,22,196.21770778370174,0.09647495361781067,0.7689028355999542,,0.1539042592048645,0.14431239581816435,0.545
tac,siglip2_head,tac::siglip2_head::k24,24,177.17101488676246,0.07312925170068024,0.8157963059674649,,0.14288362860679626,0.1417988491435194,0.4700000000000001
tac,siglip2_concat,tac::siglip2_concat::k6,6,113.58052188853368,0.22789115646258495,,,0.1575106680393219,0.1038962817905488,0.37083333333333335
tac,siglip2_concat,tac::siglip2_concat::k10,10,156.66637044413665,0.28979591836734697,,0.9228706834316714,0.2565142512321472,0.14567169537074054,0.46416666666666667
tac,siglip2_concat,tac::siglip2_concat::k11,11,176.47217633133803,0.339517625231911,,0.9157112351428007,0.2784956395626068,0.14003729191426684,0.5175000000000001
tac,siglip2_concat,tac::siglip2_concat::k12,12,207.01346087548006,0.2891156462585035,,0.9268200431287441,0.2924133241176605,0.16442884195471474,0.6649999999999999
tac,siglip2_concat,tac::siglip2_concat::k13,13,201.06561455735977,0.326530612244898,,0.9499328123395764,0.2988479435443878,0.16647213590488558,0.6866666666666666
tac,siglip2_concat,tac::siglip2_concat::k14,14,200.73156062608,0.2871720116618075,,0.9528213481951723,0.2991172969341278,0.1634646474030386,0.6875
tac,siglip2_concat,tac::siglip2_concat::k16,16,212.21278495520264,0.22193877551020408,,,0.2886057198047638,0.1584703093224012,0.6416666666666666
tac,siglip2_concat,tac::siglip2_concat::k18,18,216.88805332628323,0.2335600907029478,,,0.2813855707645416,0.16458862385619435,0.6499999999999999
tac,radio_siglip2g_initial,tac::radio_siglip2g_initial::k6,6,121.55048177091147,0.23129251700680264,,,0.19574002921581268,0.11706261012969538,0.37083333333333335
tac,radio_siglip2g_initial,tac::radio_siglip2g_initial::k10,10,184.9681762965049,0.3918367346938776,,,0.2643742263317108,0.15470784301506219,0.5916666666666667
tac,radio_siglip2g_initial,tac::radio_siglip2g_initial::k13,13,188.49003081807805,0.2888540031397173,,0.8879507658302085,0.300453245639801,0.16443376379101657,0.6658333333333334
tac,radio_siglip2g_initial,tac::radio_siglip2g_initial::k14,14,193.3662755975492,0.31049562682215737,,0.8918301390160577,0.3049161434173584,0.1663365054448146,0.7875000000000001
tac,radio_siglip2g_initial,tac::radio_siglip2g_initial::k15,15,200.59867954017434,0.310204081632653,,0.8849486705676315,0.3006369471549988,0.18364626081746363,0.6733333333333333
tac,radio_siglip2g_initial,tac::radio_siglip2g_initial::k24,24,210.84211514611334,0.12755102040816318,,,0.22248877584934235,0.16862505614266324,0.5625
tac,radio_siglip2g_head,tac::radio_siglip2g_head::k8,8,124.34065828765341,0.3494897959183674,0.6424144721742518,,0.1979653388261795,0.08880913191116073,0.40227272727272734
tac,radio_siglip2g_head,tac::radio_siglip2g_head::k10,10,151.8424475328375,0.3571428571428572,0.7519694453735727,,0.24161460995674133,0.10740775974935983,0.5431818181818182
tac,radio_siglip2g_head,tac::radio_siglip2g_head::k13,13,211.23089262491868,0.2857142857142857,0.8434340998481319,0.802497099718325,0.2903311252593994,0.13740969104423745,0.8372727272727273
tac,radio_siglip2g_head,tac::radio_siglip2g_head::k14,14,209.28072761241177,0.1690962099125365,0.8198814104599507,0.8793900987663898,0.2558724880218506,0.1401156396794692,0.7909090909090909
tac,radio_siglip2g_head,tac::radio_siglip2g_head::k15,15,203.53630628596576,0.2326530612244898,0.9091551078071226,0.8580153372859017,0.25515270233154297,0.14241363948017405,0.7972727272727272
tac,radio_siglip2g_head,tac::radio_siglip2g_head::k24,24,173.68045662767443,0.09948979591836726,0.7784817348233156,,0.1710679680109024,0.1338451747863239,0.4613636363636364
tac,radio_siglip2g_concat,tac::radio_siglip2g_concat::k6,6,137.32852102092923,0.22448979591836749,,,0.1871940940618515,0.10226553963719608,0.4083333333333333
tac,radio_siglip2g_concat,tac::radio_siglip2g_concat::k8,8,133.77029447364617,0.32908163265306123,,,0.21044416725635529,0.12325712162434871,0.4458333333333333
tac,radio_siglip2g_concat,tac::radio_siglip2g_concat::k10,10,168.07514391497693,0.3326530612244899,,,0.2568058967590332,0.12484445435236186,0.5333333333333333
tac,radio_siglip2g_concat,tac::radio_siglip2g_concat::k12,12,187.87223448214863,0.26870748299319724,,0.9513594253102683,0.28887832164764404,0.14758389117219314,0.6666666666666667
tac,radio_siglip2g_concat,tac::radio_siglip2g_concat::k13,13,187.40212941779842,0.3076923076923076,,0.9267490541052068,0.2939123511314392,0.14643215371824242,0.6275
tac,radio_siglip2g_concat,tac::radio_siglip2g_concat::k14,14,198.62842791963266,0.26239067055393583,,0.9240315280385587,0.28948062658309937,0.13914537289662518,0.6724999999999999
tac,radio_siglip2g_concat,tac::radio_siglip2g_concat::k15,15,198.66624853900396,0.31292517006802734,,0.9399706401733987,0.29606959223747253,0.14833540789411223,0.7866666666666666
mge,single_link,mge::single_link::k6,6,108.59548616948064,0.23469387755102022,,,0.16021773219108582,0.058153081997687005,0.35277777777777786
mge,single_link,mge::single_link::k8,8,121.97333138455146,0.32397959183673475,,,0.20060449838638306,0.11882941615976077,0.48611111111111116
mge,single_link,mge::single_link::k10,10,158.06095942136167,0.3857142857142857,,,0.23356008529663086,0.12332582282709566,0.5361111111111111
mge,single_link,mge::single_link::k14,14,180.53335691865308,0.2565597667638483,,0.9399504623658301,0.2701282501220703,0.16512362536138794,0.53
mge,single_link,mge::single_link::k15,15,184.54153649533052,0.2884353741496599,,0.9527681845492484,0.2623213827610016,0.18238025093799284,0.6433333333333332
mge,single_link,mge::single_link::k16,16,185.31176426158083,0.26913265306122447,0.8065600966338415,0.975350667597907,0.26228266954421997,0.18119988994366526,0.7500000000000001
mge,single_link,mge::single_link::k17,17,181.1003155259774,0.24609843937575032,,0.9746529364368843,0.2574584186077118,0.17985761407887685,0.57
mge,single_link,mge::single_link::k18,18,184.18779739340877,0.22448979591836737,,0.9662088141875973,0.256513386964798,0.17789391835072213,0.5399999999999999
mge,average_link,mge::average_link::k6,6,119.30845924097636,0.2551020408163265,,,0.17233945429325104,0.09606209433834663,0.5416666666666666
mge,average_link,mge::average_link::k8,8,116.41789507657542,0.20408163265306123,,,0.201194167137146,0.14162449892172854,0.4666666666666667
mge,average_link,mge::average_link::k10,10,121.06218278702993,0.16938775510204085,,0.9074496444324717,0.2321893870830536,0.14670582083827718,0.5416666666666666
mge,average_link,mge::average_link::k12,12,157.47639255185075,0.15816326530612246,0.8251416953426496,0.9243303662870381,0.2653671205043793,0.16853534748552387,0.6875000000000001
mge,average_link,mge::average_link::k13,13,171.5855728901516,0.14913657770800626,,0.9564211923695035,0.2514376938343048,0.1836424061632448,0.7000000000000001
mcsf,mb3,mcsf::mb3::k6,6,99.0248097978691,0.2789115646258503,0.6715961169160574,,0.18802335858345032,0.14315284080919483,0.375
mcsf,mb3,mcsf::mb3::k10,10,144.82121200889932,0.2693877551020408,0.8439792561384554,,0.2678888142108917,0.15263679885089768,0.4138888888888889
mcsf,mb3,mcsf::mb3::k12,12,190.79392367771203,0.26190476190476186,0.9884219530918736,0.9412050149863166,0.30006295442581177,0.1689611146079679,0.7833333333333334
mcsf,mb3,mcsf::mb3::k14,14,197.92384879925507,0.2551020408163265,0.9831897678268787,0.9384451992883328,0.30854204297065735,0.17004485167143132,0.8255555555555555
mcsf,mb3,mcsf::mb3::k15,15,175.7103229468659,0.220408163265306,0.9591757049431147,0.9201294389753973,0.29534241557121277,0.16297570185494004,0.43777777777777777
mcsf,mb3,mcsf::mb3::k16,16,187.18488007983132,0.19260204081632654,0.9776146298880682,0.9107427000754179,0.2969224750995636,0.16010071182900068,0.49666666666666665
fgw,mb8,fgw::mb8::k11,11,249.99455697473755,0.1001855287569573,,0.7938339205784322,0.24412788450717926,0.014250813589568466,0.7475
fgw,mb8,fgw::mb8::k12,12,192.71160091709015,0.04081632653061229,0.8256309979036134,0.8372825213155638,0.23871023952960968,0.010410260192628057,0.7858333333333333
fgw,mb8,fgw::mb8::k13,13,226.05330953556552,0.02668759811616961,,0.8633038287717738,0.24546684324741364,0.015053827892338731,0.7291666666666666
fgw,mb8,fgw::mb8::k14,14,231.3297993819217,0.010204081632653073,,0.8505668650150608,0.22201088070869446,0.0171838023026653,0.6366666666666667
fgw,mb4,fgw::mb4::k11,11,270.9270996103047,0.10760667903525045,,0.819766884369024,0.24288390576839447,0.013064202236824567,0.6984615384615385
fgw,mb4,fgw::mb4::k12,12,258.05710203842705,0.1496598639455783,0.9766108287543308,0.8773746066439859,0.24325460195541382,0.011707459160164482,0.9153846153846154
fgw,mb4,fgw::mb4::k13,13,272.97053013096865,0.11773940345368916,,0.8622383913046305,0.24112986028194427,0.009072780877370458,0.8007692307692308
fgw,mb4,fgw::mb4::k14,14,208.08055928020332,0.004373177842565634,,0.8285366661891524,0.24358157813549042,0.01564213502414053,0.5592307692307692
classic,ward_fused,classic::ward_fused::k8,8,136.0870971199225,0.30102040816326525,,,0.22769926488399506,0.08928781404644097,0.44166666666666665
classic,ward_fused,classic::ward_fused::k10,10,142.45436403980577,0.37755102040816324,,0.9237217099748533,0.2630135416984558,0.13199457289290117,0.4716666666666667
classic,ward_fused,classic::ward_fused::k11,11,169.19436826467629,0.313543599257885,,0.9263463484440014,0.2758851945400238,0.15347537829099947,0.4891666666666667
classic,ward_fused,classic::ward_fused::k12,12,191.47999088183576,0.33503401360544216,0.8307411672220889,0.9426996088742751,0.2922416627407074,0.15622228223256343,0.6316666666666666
classic,ward_fused,classic::ward_fused::k13,13,200.8355350680847,0.29199372056514916,,0.9534484072449791,0.2959004342556,0.15945562615537037,0.6791666666666667
classic,ward_fused,classic::ward_fused::k14,14,185.51367811998185,0.3425655976676385,,0.9459389393454948,0.3037039041519165,0.16874802542303619,0.6158333333333332
classic,ward_fused,classic::ward_fused::k16,16,188.98245972222648,0.2538265306122449,,,0.30844080448150635,0.1637926044240579,0.55
classic,ward_fused,classic::ward_fused::k18,18,202.43618358266195,0.23015873015873012,,,0.2917470633983612,0.17362157476211584,0.55
classic,ward_fused,classic::ward_fused::k20,20,215.68551028118492,0.19489795918367342,,,0.2848970890045166,0.17843639347313484,0.5791666666666666
classic,ward_fused,classic::ward_fused::k22,22,212.43142961022784,0.16883116883116872,,,0.27915701270103455,0.1751157467074328,0.55
classic,kmedoids_pam_fused,classic::kmedoids_pam_fused::k8,8,125.7700685414255,0.3214285714285714,1.0,,0.22114019095897675,0.08494506628287114,0.49583333333333335
classic,kmedoids_pam_fused,classic::kmedoids_pam_fused::k10,10,157.7080811236869,0.3918367346938775,1.0,,0.27091336250305176,0.08852333113947977,0.55
classic,kmedoids_pam_fused,classic::kmedoids_pam_fused::k14,14,186.14722254821186,0.26530612244897955,1.0,0.9548320342619327,0.3108271062374115,0.1551577449013175,0.73375
classic,kmedoids_pam_fused,classic::kmedoids_pam_fused::k15,15,184.91308682292654,0.22721088435374148,1.0,0.9641423393876656,0.31185609102249146,0.1526816944891285,0.75
classic,kmedoids_pam_fused,classic::kmedoids_pam_fused::k16,16,171.90779853205225,0.19515306122448978,1.0,0.955340548168018,0.30589574575424194,0.15244116626180718,0.5991666666666666
classic,kmeans_siglip,classic::kmeans_siglip::k11,11,169.59044082428122,0.3432282003710576,0.9968250179564812,0.8449782293643961,0.28335335850715637,0.16251864573537966,0.6225
classic,kmeans_siglip,classic::kmeans_siglip::k12,12,190.09297265490827,0.37925170068027203,0.9889182827434227,0.918176153628949,0.295180082321167,0.17895343728658022,0.7849999999999999
classic,kmeans_siglip,classic::kmeans_siglip::k13,13,170.04983377037644,0.31083202511773933,0.9970143056510574,0.9280469528116774,0.2946549355983734,0.17535323840918893,0.6925000000000001
classic,kmeans_siglip,classic::kmeans_siglip::k14,14,182.0340126647174,0.27842565597667646,0.984184016157382,0.945112048330488,0.29935649037361145,0.17645559965321037,0.795
classic,kmeans_siglip,classic::kmeans_siglip::k16,16,178.25754363006595,0.20408163265306123,0.9650808852120826,,0.3014877140522003,0.17431183916446108,0.6399999999999999
classic,kmeans_siglip,classic::kmeans_siglip::k18,18,181.95001893798826,0.15759637188208625,0.8798917188907952,,0.2686080038547516,0.16777944481483797,0.585
classic,kmeans_radio,classic::kmeans_radio::k6,6,116.7876259957073,0.2857142857142857,0.8691618417262217,,0.19597208499908447,0.09231964366563407,0.3833333333333334
classic,kmeans_radio,classic::kmeans_radio::k8,8,140.67065306301808,0.33163265306122447,0.717451626639158,,0.23668526113033295,0.10475217008259671,0.38749999999999996
classic,kmeans_radio,classic::kmeans_radio::k10,10,151.25659574310714,0.4,0.778423891967274,0.7480811740357973,0.26851874589920044,0.14933162230430244,0.42166666666666663
classic,kmeans_radio,classic::kmeans_radio::k13,13,230.33991256882317,0.28728414442700156,0.9951099048283699,0.9121984700184687,0.3036578893661499,0.15190178523583564,0.8574999999999999
classic,kmeans_radio,classic::kmeans_radio::k14,14,213.3838314962517,0.30466472303206993,0.9940264389098491,0.9184429172171117,0.309701532125473,0.159173703098663,0.8291666666666667
classic,kmeans_radio,classic::kmeans_radio::k16,16,211.54674722893427,0.2576530612244898,0.9744380253522866,,0.30994105339050293,0.16290084015973974,0.6541666666666667
classic,kmeans_radio,classic::kmeans_radio::k18,18,195.15172978614268,0.2086167800453514,0.9238403830617307,,0.3077644407749176,0.15901957803237254,0.5666666666666668
classic,kmeans_fused,classic::kmeans_fused::k8,8,129.58095788053876,0.32908163265306123,0.7353727127934246,,0.2335696667432785,0.08579255446243604,0.3522727272727273
classic,kmeans_fused,classic::kmeans_fused::k10,10,152.07933874156953,0.37346938775510197,0.8814215918132233,,0.27391183376312256,0.13353983446792667,0.4613636363636364
classic,kmeans_fused,classic::kmeans_fused::k12,12,184.92720992147153,0.3554421768707483,0.9995841832099615,0.9591068746945298,0.3047722280025482,0.15997270449516046,0.7109090909090909
classic,kmeans_fused,classic::kmeans_fused::k14,14,195.33352805815184,0.25072886297376096,0.9949426770764443,0.9566263999574282,0.3122454583644867,0.15843881176379998,0.7809090909090909
classic,kmeans_fused,classic::kmeans_fused::k15,15,202.17644976393052,0.21632653061224494,0.9572311115046345,0.9602535202347758,0.31381645798683167,0.15670440100269936,0.8045454545454546
classic,kmeans_fused,classic::kmeans_fused::k16,16,193.81680716685878,0.2576530612244898,0.9943103505316956,0.9362832664490295,0.3211464583873749,0.1668288279510726,0.6799999999999999
classic,kmeans_eva02,classic::kmeans_eva02::k8,8,135.7274015397034,0.29336734693877553,0.995558361798742,,0.22519728541374207,0.0702555067988632,0.47045454545454546
classic,kmeans_eva02,classic::kmeans_eva02::k10,10,174.89921246343917,0.28367346938775506,0.9982490835973802,0.9187112262127354,0.2580433487892151,0.11172427791678899,0.6627272727272727
classic,kmeans_eva02,classic::kmeans_eva02::k11,11,173.80793291183286,0.3302411873840445,0.9951022119866364,0.8990974241064855,0.26854920387268066,0.15512531465636617,0.5690909090909091
classic,kmeans_eva02,classic::kmeans_eva02::k12,12,207.92255320915194,0.34353741496598633,0.9232794587760506,0.9271287184870544,0.28591451048851013,0.15591999699264364,0.8045454545454545
classic,kmeans_eva02,classic::kmeans_eva02::k13,13,187.51780291158198,0.33281004709576134,0.9872812430308827,0.925201523186505,0.2904426157474518,0.1649209318520957,0.6699999999999999
classic,kmeans_eva02,classic::kmeans_eva02::k14,14,190.23194126694884,0.3542274052478134,0.9955975280220714,0.8989404151160827,0.29166489839553833,0.16347669693075018,0.7345454545454545
classic,kmeans_eva02,classic::kmeans_eva02::k16,16,194.54951604768283,0.26913265306122447,0.9900400298632812,,0.25514087080955505,0.16052498275439583,0.6522727272727272
classic,kmeans_eva02,classic::kmeans_eva02::k20,20,180.8917000003676,0.15204081632653055,0.8898521163273206,,0.2409551739692688,0.1530616856857688,0.47954545454545455
classic,kmeans_dinov3,classic::kmeans_dinov3::k6,6,125.76272875664311,0.22789115646258495,0.8981872438963832,,0.18501155078411102,0.10038710719616478,0.4125000000000001
classic,kmeans_dinov3,classic::kmeans_dinov3::k8,8,150.91293895321735,0.3112244897959183,0.732807446345283,,0.21708354353904724,0.10587039631816787,0.4125
classic,kmeans_dinov3,classic::kmeans_dinov3::k10,10,136.3213212598728,0.2795918367346939,0.9881368328176511,0.8386588690211371,0.2569315731525421,0.10129926177284064,0.5133333333333334
classic,kmeans_dinov3,classic::kmeans_dinov3::k11,11,161.36077050409764,0.32282003710575147,0.8526382634228051,0.8660609925184057,0.2718299627304077,0.13837963409843665,0.5266666666666667
classic,kmeans_dinov3,classic::kmeans_dinov3::k12,12,181.81543605834693,0.23979591836734704,0.9963803875660965,0.9219583239130862,0.28557196259498596,0.14635957141494074,0.7733333333333332
classic,kmeans_dinov3,classic::kmeans_dinov3::k13,13,170.91510992963183,0.19309262166405017,0.995288009331638,0.9388688385578262,0.29279136657714844,0.14353251763494435,0.6825000000000001
classic,kmeans_dinov3,classic::kmeans_dinov3::k14,14,174.0768419622016,0.13994169096209919,0.9499738574800446,0.944050053977831,0.29492753744125366,0.14338037271875043,0.6666666666666666
classic,kmeans_dinov3,classic::kmeans_dinov3::k16,16,168.352644099601,0.2410714285714286,0.9856901697133506,,0.3047906756401062,0.1510530038381908,0.6125
classic,kmeans_dinov3,classic::kmeans_dinov3::k22,22,201.0827676222914,0.1447124304267161,0.8297316020523825,,0.247620090842247,0.15695173761833406,0.5291666666666666
classic,kmeans_dinov2,classic::kmeans_dinov2::k8,8,132.01783172507376,0.32908163265306123,0.9863825217838732,,0.20555272698402405,0.06396493961619243,0.5431818181818182
classic,kmeans_dinov2,classic::kmeans_dinov2::k10,10,135.434315017839,0.27142857142857146,0.9985561934196543,,0.24120943248271942,0.10806853072253593,0.584090909090909
classic,kmeans_dinov2,classic::kmeans_dinov2::k12,12,172.03931735707482,0.22108843537414968,0.8150911142089333,0.8291152829631112,0.25772276520729065,0.09627063084404598,0.4254545454545454
classic,kmeans_dinov2,classic::kmeans_dinov2::k13,13,175.89259155618794,0.27001569858712715,0.8290557265213311,0.8767700996675324,0.2779850661754608,0.12442639651620142,0.630909090909091
classic,kmeans_dinov2,classic::kmeans_dinov2::k14,14,183.99253743961847,0.23469387755102045,0.9528448918474609,0.9099757134667298,0.2760591506958008,0.12824149960032508,0.8090909090909091
classic,kmeans_dinov2,classic::kmeans_dinov2::k16,16,162.38100024805942,0.24489795918367352,0.8415072285584868,0.8400446707444846,0.28123727440834045,0.13259891992570366,0.4327272727272727
classic,kmeans_dinov2,classic::kmeans_dinov2::k20,20,162.5055939361284,0.15714285714285714,0.8702106898198961,,0.2469741553068161,0.12625351662191178,0.44318181818181823
classic,kmeans_dinov2,classic::kmeans_dinov2::k24,24,185.81142739144383,0.1037414965986394,0.8375714499510106,,0.20577149093151093,0.12661023576835315,0.5159090909090909
classic,kmeans_convnext,classic::kmeans_convnext::k8,8,133.9631701893092,0.37755102040816324,0.6482302284345204,,0.21724499762058258,0.08747682257618569,0.36136363636363633
classic,kmeans_convnext,classic::kmeans_convnext::k10,10,135.65458563637324,0.33673469387755106,0.9988846381071271,0.9029438139850025,0.25488951802253723,0.14430148685694974,0.5145454545454545
classic,kmeans_convnext,classic::kmeans_convnext::k11,11,162.86735662017907,0.3413729128014842,0.9996909867050695,0.897906602324578,0.26983556151390076,0.13710007741821345,0.5981818181818183
classic,kmeans_convnext,classic::kmeans_convnext::k12,12,169.14319124692784,0.3877551020408163,0.9984498792647032,0.9083829679949103,0.27948689460754395,0.14980907848315292,0.7081818181818181
classic,kmeans_convnext,classic::kmeans_convnext::k13,13,158.1751891693126,0.3987441130298274,0.9837797195505554,0.9157089794642351,0.2825065851211548,0.15844761689649825,0.57
classic,kmeans_convnext,classic::kmeans_convnext::k14,14,177.64799278702793,0.3556851311953353,0.9937863683452792,0.9261350738260975,0.28621309995651245,0.16127870678148226,0.7318181818181818
classic,kmeans_convnext,classic::kmeans_convnext::k16,16,182.9767129373478,0.274234693877551,0.9858934700084164,,0.2579053044319153,0.15401944907659448,0.6159090909090909
classic,kmeans_convnext,classic::kmeans_convnext::k18,18,189.06031753383957,0.2335600907029478,0.9284884326659166,,0.2444317489862442,0.15574176229950787,0.593181818181818
classic,kmeans_convnext,classic::kmeans_convnext::k20,20,172.6151905215198,0.17551020408163254,0.8729488463623567,,0.23799820244312286,0.15128595449873178,0.47954545454545455
classic,kmeans_convnext,classic::kmeans_convnext::k22,22,187.4266823419916,0.14192949907235614,0.8475134681838558,,0.2228481024503708,0.15339220610393675,0.5022727272727273
classic,kmeans_aimv2,classic::kmeans_aimv2::k6,6,115.9562647471259,0.26870748299319724,0.932436287139646,,0.17927755415439606,0.11971940236703633,0.45000000000000007
classic,kmeans_aimv2,classic::kmeans_aimv2::k8,8,134.79680875365327,0.2142857142857143,0.9926241315956282,,0.20719340443611145,0.15280404722088758,0.4791666666666667
classic,kmeans_aimv2,classic::kmeans_aimv2::k10,10,146.82539806821663,0.2979591836734693,0.8621985717212507,0.8525297823727752,0.24725045263767242,0.14270269031208732,0.5008333333333334
classic,kmeans_aimv2,classic::kmeans_aimv2::k11,11,190.71355302908947,0.23376623376623384,0.8394379648005836,0.8701811028539792,0.2604580223560333,0.14367270439071175,0.6808333333333333
classic,kmeans_aimv2,classic::kmeans_aimv2::k12,12,181.2728189269897,0.29931972789115646,0.9695428971137635,0.8761794329412533,0.27659323811531067,0.1681416297392082,0.7316666666666667
classic,kmeans_aimv2,classic::kmeans_aimv2::k13,13,189.00218719603058,0.23076923076923084,0.9454302414965085,0.8972678306853925,0.276139497756958,0.1636785786938843,0.7533333333333333
classic,kmeans_aimv2,classic::kmeans_aimv2::k14,14,173.1008328553569,0.16180758017492713,0.9836769446244551,0.9017852884754279,0.2807949185371399,0.15172489706870737,0.7541666666666667
classic,kmeans_aimv2,classic::kmeans_aimv2::k16,16,185.30759698245527,0.11734693877551017,0.9357139843177592,,0.25034651160240173,0.15044234216642735,0.6041666666666667
classic,gmm_diag_fused,classic::gmm_diag_fused::k8,8,111.89082965301276,0.16326530612244894,0.6734245225434622,,0.1555054485797882,0.09690245664772702,0.3400000000000001
classic,gmm_diag_fused,classic::gmm_diag_fused::k12,12,170.33284751350968,0.26700680272108845,0.7636411209233746,0.8664625747222946,0.2087191641330719,0.1453717478203223,0.605
classic,gmm_diag_fused,classic::gmm_diag_fused::k13,13,169.02403635031052,0.3171114599686028,0.9202267116229809,0.8834899454743737,0.23736654222011566,0.14521651176751077,0.7849999999999999
classic,gmm_diag_fused,classic::gmm_diag_fused::k14,14,162.05096643975537,0.34693877551020413,0.9028142249961456,0.9206610212040667,0.2344093769788742,0.14807986777111495,0.73
classic,gmm_diag_fused,classic::gmm_diag_fused::k15,15,170.93635407694438,0.23809523809523808,0.8630238010334836,0.9317011815050846,0.2267535775899887,0.15469312745535177,0.735
classic,gmm_diag_fused,classic::gmm_diag_fused::k16,16,157.4204648600132,0.29081632653061223,0.9051351923633845,0.9691226137463829,0.22787468135356903,0.16068360903179282,0.7000000000000002
classic,evidence_accumulation,classic::evidence_accumulation::k6,6,104.45300430212428,0.2789115646258503,0.9230559901321339,,0.1967909187078476,0.12229127019503251,0.36250000000000004
classic,evidence_accumulation,classic::evidence_accumulation::k10,10,147.59110742836947,0.4122448979591836,0.9575128453144032,,0.26984110474586487,0.14996115918096764,0.6500000000000001
classic,evidence_accumulation,classic::evidence_accumulation::k12,12,181.79896092654315,0.36904761904761896,0.9314847611213395,0.910072162292081,0.3000169098377228,0.1726173667957234,0.6375
classic,evidence_accumulation,classic::evidence_accumulation::k14,14,210.6146020144347,0.3425655976676385,0.9706498663029971,0.9186163007463959,0.31371256709098816,0.17462051854563335,0.85
amf,mb8_uniform,amf::mb8_uniform::k10,10,141.49141701582283,0.30612244897959184,1.0,0.9014613726570438,0.24817366898059845,0.11928295172337414,0.42375000000000007
amf,mb8_uniform,amf::mb8_uniform::k11,11,152.71514568678268,0.3450834879406307,1.0,0.9063183281576599,0.26943668723106384,0.12425198596786326,0.54125
amf,mb8_uniform,amf::mb8_uniform::k12,12,168.9007814823802,0.3554421768707482,1.0,0.9499521919567557,0.2758948802947998,0.14308431748280132,0.715
amf,mb8_uniform,amf::mb8_uniform::k13,13,165.75537528361747,0.3124018838304553,1.0,0.9738125325116267,0.2750997841358185,0.14062985896585195,0.7000000000000001
amf,mb8_uniform,amf::mb8_uniform::k14,14,154.76381620014376,0.26530612244897966,1.0,0.9626609542546017,0.2668845057487488,0.13730765416566026,0.5575000000000001
amf,mb8_uniform,amf::mb8_uniform::k16,16,156.28116445785332,0.2028061224489796,0.8549803681839615,,0.27841153740882874,0.13914090772839796,0.44375
amf,mb8_uniform,amf::mb8_uniform::k20,20,173.62472269066367,0.19183673469387752,0.9970745048263346,,0.2866045832633972,0.17559656897349055,0.5750000000000001
amf,mb8_uniform,amf::mb8_uniform::k22,22,174.8604067875531,0.10482374768089053,0.9969639160043874,,0.2828828692436218,0.18236237601978664,0.54375
amf,mb8_adaptive,amf::mb8_adaptive::k10,10,141.76790521462578,0.2979591836734694,1.0,0.8987280422758898,0.24814310669898987,0.11927088184195853,0.46625000000000005
amf,mb8_adaptive,amf::mb8_adaptive::k11,11,152.00856892138071,0.3450834879406307,1.0,0.9062865751611024,0.26929816603660583,0.12402720287971186,0.6012500000000001
amf,mb8_adaptive,amf::mb8_adaptive::k12,12,169.7953027659843,0.3503401360544217,1.0,0.9503103669013211,0.2762971520423889,0.1419828298433735,0.8375
amf,mb8_adaptive,amf::mb8_adaptive::k13,13,166.65355215184434,0.3076923076923077,1.0,0.9051663117371305,0.27543920278549194,0.14022402575300516,0.665
amf,mb8_adaptive,amf::mb8_adaptive::k14,14,165.21553699149234,0.24635568513119532,0.9969301053690668,0.8329455997483789,0.2783278524875641,0.1431376063410735,0.405
amf,mb8_adaptive,amf::mb8_adaptive::k16,16,165.49956799463337,0.19260204081632654,0.9780859043088018,,0.271687775850296,0.13173536205344394,0.41875
amf,mb8_adaptive,amf::mb8_adaptive::k20,20,169.3378079635165,0.1908163265306122,0.9985342939488046,,0.287030428647995,0.1750789092079007,0.5625
amf,mb8_adaptive,amf::mb8_adaptive::k22,22,170.96176128453726,0.10204081632653056,0.9917415671624569,,0.28321948647499084,0.18210080343430962,0.54375
amf,mb4_uniform,amf::mb4_uniform::k10,10,142.121304678899,0.30204081632653057,1.0,0.9076923564184627,0.24779236316680908,0.11464950376645298,0.405
amf,mb4_uniform,amf::mb4_uniform::k11,11,155.78287875020922,0.346938775510204,0.9962792230244847,0.9088536487720187,0.26895931363105774,0.11948403310959471,0.43499999999999994
amf,mb4_uniform,amf::mb4_uniform::k12,12,171.88624783045256,0.3537414965986394,1.0,0.9400108299312873,0.27844417095184326,0.13869310562791232,0.7566666666666666
amf,mb4_uniform,amf::mb4_uniform::k13,13,170.85479929735033,0.31083202511773933,1.0,0.9652505635801373,0.26979032158851624,0.13662616842195655,0.62
amf,mb4_uniform,amf::mb4_uniform::k14,14,171.6615366840468,0.26239067055393583,1.0,0.9807669372195057,0.27035921812057495,0.13737739537769247,0.65
amf,mb4_uniform,amf::mb4_uniform::k16,16,198.1590569099718,0.211734693877551,1.0,,0.27790677547454834,0.15497431743096088,0.6333333333333334
amf,mb4_adaptive,amf::mb4_adaptive::k10,10,142.88897100509777,0.3040816326530612,1.0,0.910416875887921,0.2478315234184265,0.11463838656377798,0.45999999999999996
amf,mb4_adaptive,amf::mb4_adaptive::k11,11,156.18328948166564,0.34879406307977734,0.999349878417334,0.9086162452299785,0.26901599764823914,0.11988784735569519,0.405
amf,mb4_adaptive,amf::mb4_adaptive::k12,12,170.30132293616927,0.3605442176870748,1.0,0.9441483513947864,0.2786655128002167,0.1389476070067121,0.7066666666666666
amf,mb4_adaptive,amf::mb4_adaptive::k13,13,163.30267751001043,0.2998430141287284,1.0,0.974089791203891,0.2705501317977905,0.13846314023599532,0.595
amf,mb4_adaptive,amf::mb4_adaptive::k14,14,170.92836199469767,0.26384839650145764,1.0,0.9799914271168145,0.2704632580280304,0.13758069486304375,0.7000000000000001
amf,mb4_adaptive,amf::mb4_adaptive::k16,16,198.89873583852594,0.211734693877551,1.0,,0.27804017066955566,0.15303004029245035,0.6333333333333334
