family,arm,candidate,k,selection_score,function_enrichment_z,function_coverage_adjusted,stability_ari,adjacent_k_persistence,silhouette,source_nmi,hard_valid,stability_method,stability_refits,delta_function_enrichment_z_vs_fused,delta_function_coverage_adjusted_vs_fused,delta_silhouette_vs_fused,delta_function_ami_vs_fused,delta_source_nmi_vs_fused,semantic_p_max_over_k,holdout_gain_vs_fused,promotion_gate,verdict
turtle,mb8,turtle::mb8::k12,12,0.6972727272727273,172.5109734342073,0.2653061224489795,0.9526519062437012,0.8480387306243098,0.2543066442012787,0.1591959823965575,True,,,-22.82255462394454,0.0145772594752185,-0.057938814163208,-0.070013080940721,0.0007571706327575,0.005,-0.1881830072319039,FAIL,MULTI_RESOLUTION_ATLAS_SUPPORTED
turtle,mb4,turtle::mb4::k12,12,0.57,162.04012489613373,0.2789115646258503,0.939699726265908,0.7983460730908152,0.2479624450206756,0.1622003001174991,True,,,-33.29340316201811,0.0281827016520893,-0.064283013343811,-0.0671371108684815,0.0037614883536991,0.005,-0.1985068821885214,FAIL,MULTI_RESOLUTION_ATLAS_SUPPORTED
temi,siglip2,temi::siglip2::k14,14,,132.715760534223,0.282798833819242,0.2225962496812959,0.2711072068631541,0.0903127267956733,0.1166637321335621,False,,,-62.61776752392885,0.032069970845481,-0.2219327315688133,-0.2907611912839437,-0.0417750796302378,0.005,-0.2910624322625033,FAIL,MULTI_RESOLUTION_ATLAS_SUPPORTED
temi,radio,temi::radio::k12,12,,164.45883385684553,0.1343537414965986,0.3083268190259167,0.3124645457735018,0.1242196857929229,0.0704968166961692,False,,,-30.874694201306312,-0.1163751214771623,-0.1880257725715637,-0.2362057243173921,-0.0879419950676307,0.005,-0.453776649699624,FAIL,MULTI_RESOLUTION_ATLAS_SUPPORTED
temi,msn,temi::msn::k10,10,,102.70569889379824,0.126530612244898,0.235949876258852,0.2830469617019935,0.0893653035163879,0.0722189872650194,False,,,-92.6278291643536,-0.1241982507288629,-0.2228801548480987,-0.4147941814683509,-0.0862198244987805,0.005,-0.5973348156331728,FAIL,MULTI_RESOLUTION_ATLAS_SUPPORTED
temi,franca,temi::franca::k10,10,,137.03424366233756,0.2591836734693877,0.3559254491634038,0.4155520437103787,0.1755068153142929,0.0590351954114376,False,,,-58.29928439581428,0.0084548104956267,-0.1367386430501938,-0.2414510953680154,-0.0994036163523623,0.005,-0.2795927272380019,FAIL,MULTI_RESOLUTION_ATLAS_SUPPORTED
temi,fashionsiglip,temi::fashionsiglip::k16,16,,120.3474861908196,0.1645408163265306,0.2401832805867846,0.2919693228602379,0.1021648347377777,0.0877875182183605,False,,,-74.98604186733225,-0.0861880466472303,-0.2100806236267089,-0.3146430025965041,-0.0706512935454394,0.005,-0.1523805770254691,FAIL,MULTI_RESOLUTION_ATLAS_SUPPORTED
temi,dinov2,temi::dinov2::k8,8,,132.30079767272613,0.173469387755102,0.2101194287094973,0.2812047250345147,0.0985676646232605,0.0504997814219176,False,,,-63.03273038542571,-0.0772594752186589,-0.2136777937412262,-0.3373546084441972,-0.1079390303418823,0.005,-0.7028365443681832,FAIL,MULTI_RESOLUTION_ATLAS_SUPPORTED
tac,siglip2_head,tac::siglip2_head::k12,12,0.705,191.1378393105799,0.2636054421768707,0.7610264044429521,0.7837321108956135,0.2542046308517456,0.1090336484463135,True,,,-4.19568874757195,0.0128765792031098,-0.058040827512741,-0.0366648976442389,-0.0494051633174864,0.005,0.0067637246920884,FAIL,MULTI_RESOLUTION_ATLAS_SUPPORTED
tac,siglip2_concat,tac::siglip2_concat::k12,12,0.6649999999999999,207.0134608754801,0.2891156462585035,,0.926820043128744,0.2924133241176605,0.1644288419547147,False,,,11.679932817328222,0.0383867832847425,-0.0198321342468261,0.0038141361237563,0.0059900301909147,0.005,-0.0519426343093316,FAIL,MULTI_RESOLUTION_ATLAS_SUPPORTED
tac,radio_siglip2g_initial,tac::radio_siglip2g_initial::k14,14,0.7875000000000001,193.3662755975492,0.3104956268221573,,0.8918301390160577,0.3049161434173584,0.1663365054448146,False,,,-1.967252460602652,0.0597667638483964,-0.0073293149471282,-0.0363811110931894,0.0078976936810146,0.005,-0.0434933670920631,FAIL,MULTI_RESOLUTION_ATLAS_SUPPORTED
tac,radio_siglip2g_head,tac::radio_siglip2g_head::k14,14,0.7909090909090909,209.28072761241177,0.1690962099125365,0.8198814104599507,0.8793900987663898,0.2558724880218506,0.1401156396794692,True,,,13.947199554259925,-0.0816326530612244,-0.0563729703426361,-0.0269502469136455,-0.0183231720843307,0.005,-0.010723095710079,FAIL,MULTI_RESOLUTION_ATLAS_SUPPORTED
tac,radio_siglip2g_concat,tac::radio_siglip2g_concat::k14,14,0.6724999999999999,198.62842791963263,0.2623906705539358,,0.9240315280385588,0.2894806265830993,0.1391453728966251,False,,,3.2948998614808147,0.0116618075801748,-0.0227648317813873,-0.0174090225304313,-0.0192934388671748,0.005,-0.0049858017762502,FAIL,MULTI_RESOLUTION_ATLAS_SUPPORTED
mge,single_link,mge::single_link::k16,16,0.7500000000000001,185.31176426158083,0.2691326530612244,0.8065600966338415,0.975350667597907,0.2622826695442199,0.1811998899436652,True,five 80% discovery subsamples; ARI on shared rows,5.0,-10.021763796571008,0.0184037900874635,-0.0499627888202667,-0.049958893455865,0.0227610781798652,0.005,0.0083517453179231,FAIL,MULTI_RESOLUTION_ATLAS_SUPPORTED
mge,average_link,mge::average_link::k12,12,0.6875000000000001,157.47639255185075,0.1581632653061224,0.8251416953426496,0.924330366287038,0.2653671205043793,0.1685353474855238,True,five 80% discovery subsamples; ARI on shared rows,5.0,-37.85713550630109,-0.0925655976676385,-0.0468783378601074,-0.0586303457963373,0.0100965357217238,0.005,-0.143215744253248,FAIL,MULTI_RESOLUTION_ATLAS_SUPPORTED
mcsf,mb3,mcsf::mb3::k14,14,0.8255555555555555,197.92384879925507,0.2551020408163265,0.9831897678268788,0.9384451992883328,0.3085420429706573,0.1700448516714313,True,,,2.590320741103227,0.0043731778425655,-0.0037034153938293,-0.0055871666761704,0.0116060399076313,0.005,-0.0086671273410319,FAIL,MULTI_RESOLUTION_ATLAS_SUPPORTED
fgw,mb8,fgw::mb8::k12,12,0.7858333333333333,192.71160091709007,0.0408163265306122,0.8256309979036134,0.8372825213155638,0.2387102395296096,0.010410260192628,True,,,-2.62192714106169,-0.2099125364431486,-0.073535218834877,-0.0689675598043154,-0.1480285515711719,0.005,-0.1787861252611038,FAIL,MULTI_RESOLUTION_ATLAS_SUPPORTED
fgw,mb4,fgw::mb4::k12,12,0.9153846153846154,258.05710203842705,0.1496598639455783,0.9766108287543308,0.8773746066439859,0.2432546019554138,0.0117074591601644,True,,,62.723573980275205,-0.1010689990281826,-0.0689908564090728,-0.0807523105002715,-0.1467313526036355,0.005,-0.0568380774157897,FAIL,MULTI_RESOLUTION_ATLAS_SUPPORTED
classic,ward_fused,classic::ward_fused::k12,12,0.6316666666666666,191.47999088183576,0.3350340136054421,0.8307411672220889,0.9426996088742752,0.2922416627407074,0.1562222822325634,True,five 80% discovery subsamples; ARI on shared rows,5.0,-3.853537176316081,0.0843051506316812,-0.0200037956237792,-0.0129443549201722,-0.0022165295312365,0.005,-0.0441772990770794,FAIL,MULTI_RESOLUTION_ATLAS_SUPPORTED
classic,kmedoids_pam_fused,classic::kmedoids_pam_fused::k14,14,0.73375,186.14722254821183,0.2653061224489795,1.0,0.9548320342619327,0.3108271062374115,0.1551577449013175,True,,,-9.186305509939984,0.0145772594752185,-0.0014183521270751,-0.0023075505623136,-0.0032810668624824,0.005,-0.0034104727394876,FAIL,MULTI_RESOLUTION_ATLAS_SUPPORTED
classic,kmeans_siglip,classic::kmeans_siglip::k12,12,0.7849999999999999,190.09297265490827,0.379251700680272,0.9889182827434227,0.918176153628949,0.295180082321167,0.1789534372865802,True,,,-5.240555403243576,0.128522837706511,-0.0170653760433197,-0.0491621125407604,0.0205146255227802,0.005,-0.0662551216816065,FAIL,MULTI_RESOLUTION_ATLAS_SUPPORTED
classic,kmeans_radio,classic::kmeans_radio::k12,12,0.7733333333333333,219.41109390736383,0.3163265306122448,0.9579724944211194,0.9001306934272874,0.3000510632991791,0.153603442985388,True,,,24.07756584921202,0.0655976676384838,-0.0121943950653076,-0.0053393167957014,-0.0048353687784118,0.005,-0.0081463615708829,FAIL,MULTI_RESOLUTION_ATLAS_SUPPORTED
classic,kmeans_fused,classic::kmeans_fused::k14,14,0.7809090909090909,195.33352805815184,0.2507288629737609,0.9949426770764443,0.9566263999574282,0.3122454583644867,0.1584388117637999,True,,,0.0,0.0,0.0,0.0,0.0,0.005,0.0,FAIL,MULTI_RESOLUTION_ATLAS_SUPPORTED
classic,kmeans_eva02,classic::kmeans_eva02::k12,12,0.8045454545454545,207.922553209152,0.3435374149659863,0.9232794587760506,0.9271287184870544,0.2859145104885101,0.1559199969926436,True,,,12.5890251510001,0.0928085519922253,-0.0263309478759765,-0.0307096674841796,-0.0025188147711563,0.005,-0.0201368258148431,FAIL,MULTI_RESOLUTION_ATLAS_SUPPORTED
classic,kmeans_dinov3,classic::kmeans_dinov3::k12,12,0.7733333333333332,181.81543605834693,0.239795918367347,0.9963803875660964,0.9219583239130862,0.2855719625949859,0.1463595714149407,True,,,-13.51809199980491,-0.0109329446064139,-0.0266734957695007,-0.0580338726443262,-0.0120792403488592,0.005,-0.015057228845932,FAIL,MULTI_RESOLUTION_ATLAS_SUPPORTED
classic,kmeans_dinov2,classic::kmeans_dinov2::k14,14,0.8090909090909091,183.99253743961847,0.2346938775510204,0.9528448918474608,0.9099757134667298,0.2760591506958008,0.128241499600325,True,,,-11.340990618533368,-0.0160349854227405,-0.0361863076686859,-0.0718315563486268,-0.0301973121634749,0.005,-0.0078268722196419,FAIL,MULTI_RESOLUTION_ATLAS_SUPPORTED
classic,kmeans_convnext,classic::kmeans_convnext::k12,12,0.7081818181818181,169.14319124692784,0.3877551020408163,0.9984498792647032,0.9083829679949104,0.2794868946075439,0.1498090784831529,True,,,-26.190336811224,0.1370262390670553,-0.0327585637569427,-0.0757837672558523,-0.008629733280647,0.005,-0.070690451438228,FAIL,MULTI_RESOLUTION_ATLAS_SUPPORTED
classic,kmeans_aimv2,classic::kmeans_aimv2::k12,12,0.7316666666666667,181.2728189269897,0.2993197278911564,0.9695428971137636,0.8761794329412533,0.2765932381153106,0.1681416297392082,True,,,-14.060709131162156,0.0485908649173955,-0.035652220249176,-0.1014885192411837,0.0097028179754082,0.005,-0.0593304678025501,FAIL,MULTI_RESOLUTION_ATLAS_SUPPORTED
classic,gmm_diag_fused,classic::gmm_diag_fused::k14,14,0.73,162.05096643975537,0.3469387755102041,0.9028142249961456,0.9206610212040668,0.2344093769788742,0.1480798677711149,True,,,-33.28256161839647,0.0962099125364431,-0.0778360813856124,-0.1131501611645144,-0.010358943992685,0.005,-0.0291066141585663,FAIL,MULTI_RESOLUTION_ATLAS_SUPPORTED
classic,evidence_accumulation,classic::evidence_accumulation::k14,14,0.85,210.6146020144347,0.3425655976676385,0.9706498663029972,0.918616300746396,0.3137125670909881,0.1746205185456333,True,,,15.281073956282851,0.0918367346938775,0.0014671087265014,-0.0031382875937111,0.0161817067818333,0.005,-0.0291853736465177,FAIL,MULTI_RESOLUTION_ATLAS_SUPPORTED
amf,mb8_uniform,amf::mb8_uniform::k12,12,0.715,168.9007814823802,0.3554421768707482,1.0,0.9499521919567556,0.2758948802947998,0.1430843174828013,True,,,-26.43274657577163,0.1047133138969872,-0.0363505780696868,-0.026662007748436,-0.0153544942809986,0.005,-0.0474112072901333,FAIL,MULTI_RESOLUTION_ATLAS_SUPPORTED
amf,mb8_adaptive,amf::mb8_adaptive::k12,12,0.8375,169.7953027659843,0.3503401360544217,1.0,0.9503103669013212,0.2762971520423889,0.1419828298433735,True,,,-25.53822529216754,0.0996112730806607,-0.0359483063220977,-0.0267776144013492,-0.0164559819204264,0.005,-0.0474112072901333,FAIL,MULTI_RESOLUTION_ATLAS_SUPPORTED
amf,mb4_uniform,amf::mb4_uniform::k12,12,0.7566666666666666,171.88624783045256,0.3537414965986394,1.0,0.9400108299312872,0.2784441709518432,0.1386931056279123,True,,,-23.44728022769928,0.1030126336248784,-0.0338012874126434,-0.0200836471549048,-0.0197457061358876,0.005,-0.0364532455122872,FAIL,MULTI_RESOLUTION_ATLAS_SUPPORTED
amf,mb4_adaptive,amf::mb4_adaptive::k12,12,0.7066666666666666,170.30132293616927,0.3605442176870748,1.0,0.9441483513947864,0.2786655128002167,0.1389476070067121,True,,,-25.03220512198257,0.1098153547133138,-0.03357994556427,-0.0206706807203513,-0.0194912047570878,0.005,-0.0364532455122872,FAIL,MULTI_RESOLUTION_ATLAS_SUPPORTED
