cluster_id,unu_key,unu_name,image_count
0,0102,Dishwashers,0
0,0104,Washing machines,0
0,0108,Refrigerators,0
0,0111,Air conditioners,2
0,0114,Microwaves,0
0,0301,Small IT equipment,1
0,0302,Desktop PCs,0
0,0303,Laptops,0
0,0306,Mobile phones,0
0,0309,Flat-panel monitors,1
0,0407,CRT televisions,0
0,0408,Flat-panel televisions,0
0,0503,Straight-tube fluorescent lamps,11
0,0505,LED lamps,0
1,0102,Dishwashers,0
1,0104,Washing machines,0
1,0108,Refrigerators,0
1,0111,Air conditioners,1
1,0114,Microwaves,0
1,0301,Small IT equipment,4
1,0302,Desktop PCs,0
1,0303,Laptops,1
1,0306,Mobile phones,78
1,0309,Flat-panel monitors,0
1,0407,CRT televisions,0
1,0408,Flat-panel televisions,0
1,0503,Straight-tube fluorescent lamps,10
1,0505,LED lamps,12
10,0102,Dishwashers,0
10,0104,Washing machines,0
10,0108,Refrigerators,0
10,0111,Air conditioners,0
10,0114,Microwaves,0
10,0301,Small IT equipment,2
10,0302,Desktop PCs,79
10,0303,Laptops,4
10,0306,Mobile phones,0
10,0309,Flat-panel monitors,65
10,0407,CRT televisions,2
10,0408,Flat-panel televisions,1
10,0503,Straight-tube fluorescent lamps,0
10,0505,LED lamps,0
2,0102,Dishwashers,0
2,0104,Washing machines,0
2,0108,Refrigerators,0
2,0111,Air conditioners,15
2,0114,Microwaves,0
2,0301,Small IT equipment,0
2,0302,Desktop PCs,0
2,0303,Laptops,3
2,0306,Mobile phones,0
2,0309,Flat-panel monitors,8
2,0407,CRT televisions,70
2,0408,Flat-panel televisions,73
2,0503,Straight-tube fluorescent lamps,6
2,0505,LED lamps,0
3,0102,Dishwashers,0
3,0104,Washing machines,0
3,0108,Refrigerators,0
3,0111,Air conditioners,0
3,0114,Microwaves,0
3,0301,Small IT equipment,40
3,0302,Desktop PCs,0
3,0303,Laptops,0
3,0306,Mobile phones,0
3,0309,Flat-panel monitors,1
3,0407,CRT televisions,0
3,0408,Flat-panel televisions,0
3,0503,Straight-tube fluorescent lamps,0
3,0505,LED lamps,0
4,0102,Dishwashers,60
4,0104,Washing machines,79
4,0108,Refrigerators,26
4,0111,Air conditioners,40
4,0114,Microwaves,1
4,0301,Small IT equipment,0
4,0302,Desktop PCs,0
4,0303,Laptops,0
4,0306,Mobile phones,0
4,0309,Flat-panel monitors,0
4,0407,CRT televisions,5
4,0408,Flat-panel televisions,0
4,0503,Straight-tube fluorescent lamps,20
4,0505,LED lamps,0
5,0102,Dishwashers,0
5,0104,Washing machines,0
5,0108,Refrigerators,0
5,0111,Air conditioners,0
5,0114,Microwaves,0
5,0301,Small IT equipment,19
5,0302,Desktop PCs,0
5,0303,Laptops,0
5,0306,Mobile phones,0
5,0309,Flat-panel monitors,0
5,0407,CRT televisions,0
5,0408,Flat-panel televisions,0
5,0503,Straight-tube fluorescent lamps,0
5,0505,LED lamps,31
6,0102,Dishwashers,0
6,0104,Washing machines,0
6,0108,Refrigerators,0
6,0111,Air conditioners,12
6,0114,Microwaves,0
6,0301,Small IT equipment,3
6,0302,Desktop PCs,0
6,0303,Laptops,1
6,0306,Mobile phones,1
6,0309,Flat-panel monitors,0
6,0407,CRT televisions,1
6,0408,Flat-panel televisions,1
6,0503,Straight-tube fluorescent lamps,8
6,0505,LED lamps,0
7,0102,Dishwashers,0
7,0104,Washing machines,0
7,0108,Refrigerators,0
7,0111,Air conditioners,0
7,0114,Microwaves,0
7,0301,Small IT equipment,6
7,0302,Desktop PCs,0
7,0303,Laptops,67
7,0306,Mobile phones,0
7,0309,Flat-panel monitors,3
7,0407,CRT televisions,0
7,0408,Flat-panel televisions,0
7,0503,Straight-tube fluorescent lamps,1
7,0505,LED lamps,0
8,0102,Dishwashers,0
8,0104,Washing machines,0
8,0108,Refrigerators,0
8,0111,Air conditioners,0
8,0114,Microwaves,0
8,0301,Small IT equipment,4
8,0302,Desktop PCs,0
8,0303,Laptops,0
8,0306,Mobile phones,0
8,0309,Flat-panel monitors,0
8,0407,CRT televisions,0
8,0408,Flat-panel televisions,0
8,0503,Straight-tube fluorescent lamps,18
8,0505,LED lamps,36
9,0102,Dishwashers,19
9,0104,Washing machines,0
9,0108,Refrigerators,53
9,0111,Air conditioners,9
9,0114,Microwaves,78
9,0301,Small IT equipment,0
9,0302,Desktop PCs,0
9,0303,Laptops,3
9,0306,Mobile phones,0
9,0309,Flat-panel monitors,1
9,0407,CRT televisions,1
9,0408,Flat-panel televisions,4
9,0503,Straight-tube fluorescent lamps,5
9,0505,LED lamps,0
