cluster,0,1,2,3,4,5,6,7,8,9,10,11
0,0.0,0.2640317233850664,0.18557090590241987,0.2026980441657275,0.2352278642360281,0.3041382804448914,0.24289127149547612,0.2411656061910255,0.22214345911597164,0.11128047228800107,0.341781260825506,0.17965487622891335
1,0.2640317233850664,0.0,0.3182526213381793,0.2722567194050159,0.3936723979284961,0.3292483066341199,0.3431274995201784,0.29770566854609154,0.21885390886017153,0.3236144736183538,0.4098303328800455,0.27538759694321396
2,0.18557090590241987,0.3182526213381793,0.0,0.08958471634808533,0.26498961919228536,0.2604704168230948,0.21784840569812958,0.21307304908428945,0.17344945348213028,0.2517174077516183,0.32132183343435416,0.14525392260602374
3,0.2026980441657275,0.2722567194050159,0.08958471634808533,0.0,0.27357980808547633,0.22102639623492035,0.23204869205897255,0.14878621474325582,0.16447564252431413,0.2710353624521467,0.3088934224655904,0.09048274231260588
4,0.2352278642360281,0.3936723979284961,0.26498961919228536,0.27357980808547633,0.0,0.19464628706016754,0.16521402877037736,0.28580980571691955,0.3080856869993416,0.28086902676444425,0.16480183530049075,0.250460991013652
5,0.3041382804448914,0.3292483066341199,0.2604704168230948,0.22102639623492035,0.19464628706016754,0.0,0.1697885114330318,0.2472703677659324,0.24551820417299458,0.37689573680119626,0.13342115096470014,0.22917553940615573
6,0.24289127149547612,0.3431274995201784,0.21784840569812958,0.23204869205897255,0.16521402877037736,0.1697885114330318,0.0,0.3103993355697938,0.19162559636172052,0.3311939047824796,0.15306123672707123,0.25393621983615255
7,0.2411656061910255,0.29770566854609154,0.21307304908428945,0.14878621474325582,0.28580980571691955,0.2472703677659324,0.3103993355697938,0.0,0.27930729301097335,0.2722933643514711,0.3365220317711763,0.07956388672807299
8,0.22214345911597164,0.21885390886017153,0.17344945348213028,0.16447564252431413,0.3080856869993416,0.24551820417299458,0.19162559636172052,0.27930729301097335,0.0,0.32046733725499943,0.30757652472392266,0.21822267100393938
9,0.11128047228800107,0.3236144736183538,0.2517174077516183,0.2710353624521467,0.28086902676444425,0.37689573680119626,0.3311939047824796,0.2722933643514711,0.32046733725499943,0.0,0.41101998668261713,0.23232686116007334
10,0.341781260825506,0.4098303328800455,0.32132183343435416,0.3088934224655904,0.16480183530049075,0.13342115096470014,0.15306123672707123,0.3365220317711763,0.30757652472392266,0.41101998668261713,0.0,0.31003811351412297
11,0.17965487622891335,0.27538759694321396,0.14525392260602374,0.09048274231260588,0.250460991013652,0.22917553940615573,0.25393621983615255,0.07956388672807299,0.21822267100393938,0.23232686116007334,0.31003811351412297,0.0
