backbone,penanganan,probe_auc,xknn15,nmi_prov,silhouette,auc_asli,auc_INLP+CORAL,auc_harm-res,auc_harm-res+jpeg,auc_keduanya
dinov3,asli,0.9316413432439331,0.08689479141740448,0.15091472176451592,0.2265109121799469,,,,,
dinov3,INLP+CORAL,0.8951287353567764,0.13256759990428332,0.08964559466947716,0.05654645338654518,,,,,
dinov3,harm-res,0.8171885010651985,0.13133923586184892,0.15016391811533394,0.23535722494125366,,,,,
dinov3,harm-res+jpeg,0.7218232864368199,0.1446917125309085,0.14791193268542846,0.23213090002536774,,,,,
dinov3,keduanya,0.8968926936239147,0.16204833692270879,0.07555263170351074,0.05599188059568405,,,,,
radio,asli,0.9785001797034113,0.06660285554757917,0.17846094335941248,0.2525060772895813,,,,,
radio,INLP+CORAL,0.8478128271774064,0.12060301507537688,0.10173181574868861,0.05268501490354538,,,,,
radio,harm-res,0.9620797153914669,0.07899816543032623,0.1751338799312745,0.2579241394996643,,,,,
radio,harm-res+jpeg,0.7900535464077548,0.12449549333971445,0.1640231159087988,0.2719552516937256,,,,,
radio,keduanya,0.8817515092482147,0.14722820451463667,0.0925696018744091,0.053488362580537796,,,,,
aimv2,asli,0.8780191475286875,0.10988274706867672,0.17766085318010857,0.18785426020622253,,,,,
aimv2,INLP+CORAL,0.8299213992905622,0.13958682300390843,0.0745858905060544,0.04804825410246849,,,,,
aimv2,harm-res,0.8225947089065176,0.12197495413575815,0.15471318732564418,0.18847723305225372,,,,,
aimv2,harm-res+jpeg,0.7645338389336556,0.13336523889287707,0.16852450763360596,0.18979570269584656,,,,,
aimv2,keduanya,0.8756725855935161,0.15807609475951184,0.08702827263351708,0.04616589471697807,,,,,
siglip2,asli,0.9930340186370668,0.016080402010050253,0.3286496052770057,0.15526629984378815,,,,,
siglip2,INLP+CORAL,0.8993606204716043,0.09659408151870463,0.09510494571268355,0.03507333621382713,,,,,
siglip2,harm-res,0.9833490465301615,0.02635399218313791,0.2910603817587515,0.16117706894874573,,,,,
siglip2,harm-res+jpeg,0.8748878806977702,0.10734625508494855,0.21173702722417617,0.1568450629711151,,,,,
siglip2,keduanya,0.8949263736893371,0.1380553561458084,0.09365373466876144,0.037974946200847626,,,,,
dinov2,asli,0.823609902960158,0.13333333333333333,0.1298634849344811,0.281191349029541,,,,,
dinov2,INLP+CORAL,0.8858849481464505,0.13979420914094282,0.05935526403104194,0.07197681814432144,,,,,
dinov2,harm-res,0.786133668085195,0.1478503629257398,0.13669958230035995,0.27889639139175415,,,,,
dinov2,harm-res+jpeg,0.7269419688201559,0.1549972082635399,0.12719755395216564,0.2689681947231293,,,,,
dinov2,keduanya,0.8948292296713771,0.1614580840711494,0.05140043234936345,0.07279884815216064,,,,,
siglip,asli,0.9862170087976541,0.04674164473159448,0.2809422896549147,0.1562521606683731,,,,,
siglip,INLP+CORAL,0.8986790497075262,0.10782483847810481,0.08740309001238002,0.03919973596930504,,,,,
siglip,harm-res,0.9788447414614837,0.06789503070910106,0.1902631882415306,0.16857631504535675,,,,,
siglip,harm-res+jpeg,0.8688649515842548,0.11178112786152987,0.1822112903384177,0.17035332322120667,,,,,
siglip,keduanya,0.8852387971851674,0.13859775065805216,0.0762762597632104,0.037259917706251144,,,,,
convnext,asli,0.9750957115994645,0.03922788545904124,0.17826510004170035,0.22434966266155243,,,,,
convnext,INLP+CORAL,0.8960611095774105,0.0736061258674324,0.10024452252208309,0.04975943639874458,,,,,
convnext,harm-res,0.9504237354349083,0.08754885538805136,0.16286927962033698,0.21817287802696228,,,,,
convnext,harm-res+jpeg,0.7602048098008678,0.14059184812953657,0.1628542359041214,0.21610669791698456,,,,,
convnext,keduanya,0.8928428558778642,0.15852277259312436,0.06392984336491263,0.042917169630527496,,,,,
eva02,asli,0.974678487157717,0.037281646326872454,0.2118124303307841,0.2784848213195801,,,,,
eva02,INLP+CORAL,0.9033508175203013,0.06590093323761666,0.11876615927536263,0.0473281554877758,,,,,
eva02,harm-res,0.966030325601746,0.047539283720188244,0.2087811954337834,0.2725193202495575,,,,,
eva02,harm-res+jpeg,0.7440466082934427,0.13787987556831777,0.16619126481385954,0.2712380290031433,,,,,
eva02,keduanya,0.8900584947625572,0.1463827071867273,0.08116941157106301,0.04746268317103386,,,,,
siglip2,kembar:08&09 meja kerja,,,,,0.9991875148109279,0.9821253258404143,0.9991875148109279,0.5226649514201565,0.5915569247435593
siglip2,kembar:13&15 layar genggam,,,,,0.996402761646664,0.9817395793005549,0.992950703316557,0.8744031487933926,0.8846141437604852
siglip2,kembar:02&14 TV/monitor,,,,,0.9996333276922209,0.990381903311333,0.9987166469227732,0.995078129407119,0.9801432842556552
