k,cluster,semantic_node,jaccard_q2_5,jaccard_median,jaccard_mean,jaccard_q97_5,jaccard_minimum,fraction_jaccard_below_0_60,fraction_consistently_split,fraction_consistently_merged,stability_status
12,0,electronic_component,0.9708174947959092,0.9884615384615385,0.9876210446846032,1.0,0.9197080291970803,0.0,0.0,0.0,stable
12,1,washing_machine,0.9952380952380953,1.0,0.99944054968704,1.0,0.9907834101382489,0.0,0.0,0.0,stable
12,2,input_peripheral,0.993622735289402,1.0,0.9992021166535945,1.0,0.9914529914529915,0.0,0.0,0.0,stable
12,3,laptop,0.6370486233934677,0.9847908745247148,0.9705368299131607,1.0,0.6217228464419475,0.0,0.04,0.0,stable
12,4,phone_tablet,0.9919875862757401,0.9973856164477192,0.9979945641191489,1.0,0.9887640449438202,0.0,0.0,0.0,stable
12,5,printer,0.9926575605080278,1.0,0.9990758829940254,1.0,0.9900497512437811,0.0,0.0,0.0,stable
12,6,audio,0.805942491500417,0.9897435897435898,0.978489038037025,1.0,0.7380073800738007,0.0,0.0,0.03,stable
12,7,battery,0.7789428374655648,0.9874476987447699,0.9726570717403473,1.0,0.7430830039525692,0.0,0.04,0.0,stable
12,8,desktop,0.9696425377623856,0.9878787384092986,0.9872943327897953,1.0,0.9665271966527197,0.0,0.0,0.0,stable
12,9,cooking_appliance,0.9944829942301853,1.0,0.9995228827216697,1.0,0.989247311827957,0.0,0.0,0.0,stable
12,10,display,0.7726166187258903,0.9956140350877193,0.9846316119107372,1.0,0.7508417508417509,0.0,0.0,0.04,stable
12,11,input_peripheral,0.9008092286501378,0.9954022745529109,0.9890425045668073,1.0,0.8884462151394422,0.0,0.0,0.0,stable
13,0,display,0.9585062240663901,0.982867415070805,0.9815436279657525,1.0,0.9554655870445344,0.0,0.0,0.0,stable
13,1,phone_tablet,0.9930131054922664,1.0,0.9989666983627579,1.0,0.9865591397849462,0.0,0.0,0.0,stable
13,2,cooking_appliance,0.9919213598901099,1.0,0.9995687374219984,1.0,0.9886363636363636,0.0,0.0,0.0,stable
13,3,input_peripheral,0.9518466559780119,0.9909500409500409,0.9871020323028659,1.0,0.9488372093023256,0.0,0.0,0.0,stable
13,4,electronic_component,0.9245472136222911,0.9888059701492538,0.9853654237292822,1.0,0.9191176470588235,0.0,0.0,0.0,stable
13,5,washing_machine,0.9951787290379523,1.0,0.9991048678250337,1.0,0.9902439024390244,0.0,0.0,0.0,stable
13,6,input_peripheral,0.9917695473251029,1.0,0.9992036617851108,1.0,0.9914529914529915,0.0,0.0,0.0,stable
13,7,display,0.5296610169491526,0.990990990990991,0.9321051244580184,1.0,0.5265486725663717,0.13,0.13,0.0,mixed
13,8,printer,0.9926575605080278,1.0,0.9988880108795917,1.0,0.9811320754716981,0.0,0.0,0.0,stable
13,9,audio,0.7713783670033669,0.9894458368142578,0.9726057509645243,1.0,0.7449392712550608,0.0,0.0,0.05,stable
13,10,battery,0.7589939024390243,0.982051282051282,0.9622171226584144,1.0,0.749003984063745,0.0,0.06,0.0,stable
13,11,laptop,0.9618465909090909,0.9886038961038961,0.9872356364283698,1.0,0.9479768786127167,0.0,0.0,0.0,stable
13,12,desktop,0.44007562785388127,0.9641075164976662,0.9029513183051389,1.0,0.431924882629108,0.13,0.0,0.13,mixed
14,0,cooking_appliance,0.9539580062794348,1.0,0.9868855542850503,1.0,0.953125,0.0,0.0,0.0,stable
14,1,desktop,0.8681566181566182,0.9607843137254902,0.9391004073707827,1.0,0.0,0.01,0.01,0.01,stable
14,2,audio,0.7947024193548388,0.9723493516399695,0.9649336208184532,1.0,0.7480314960629921,0.0,0.0,0.03,stable
14,3,input_peripheral,0.9870953270682254,1.0,0.9962697952801814,1.0,0.9794238683127572,0.0,0.0,0.0,stable
14,4,phone_tablet,0.9728099070021076,0.9972105942951401,0.9927244082995358,1.0,0.9701897018970189,0.0,0.0,0.0,stable
14,5,washing_machine,0.9902663982950509,1.0,0.9963839673466451,1.0,0.9898477157360406,0.0,0.0,0.0,stable
14,6,electronic_component,0.9177171645583161,0.9845559845559846,0.9801068996489118,1.0,0.9042145593869731,0.0,0.0,0.0,stable
14,7,input_peripheral,0.9597108460846084,0.9862385321100917,0.9837291633347024,1.0,0.9244444444444444,0.0,0.0,0.0,stable
14,8,display,0.5033450704225352,0.975609756097561,0.798823931734448,1.0,0.004694835680751174,0.4,0.01,0.4,mixed
14,9,printer,0.9827664974619289,0.9951806949089558,0.994529967798683,1.0,0.9783783783783784,0.0,0.0,0.0,stable
14,10,desktop,0.9358242405614466,0.9713690655425073,0.9695090065381122,0.9980923694779116,0.925,0.0,0.0,0.0,stable
14,11,laptop,0.9600365497076023,0.9832402234636871,0.9850248868294564,1.0,0.9515151515151515,0.0,0.0,0.0,stable
14,12,battery,0.684708534283917,0.8337093542432513,0.8463492616948962,0.9959104215456674,0.6785714285714286,0.0,0.47,0.0,stable
14,13,display,0.004514186131833191,0.9669421487603306,0.5947623794639157,1.0,0.0,0.41,0.39,0.41,mixed
15,0,laptop,0.9661921538754523,0.9882696938424493,0.9867025787153435,1.0,0.9585798816568047,0.0,0.0,0.0,stable
15,1,input_peripheral,0.9828286177424108,0.9956615847920196,0.9940246622290198,1.0,0.9826839826839827,0.0,0.0,0.0,stable
15,2,cooking_appliance,0.9837375146886017,0.9947643979057592,0.9960757505975063,1.0,0.9788359788359788,0.0,0.0,0.0,stable
15,3,phone_tablet,0.9862394608177043,0.9947643620265483,0.9947677546386154,1.0,0.9815303430079155,0.0,0.0,0.0,stable
15,4,electronic_component,0.96455078125,0.9959183673469387,0.9923491831026163,1.0,0.9581749049429658,0.0,0.0,0.0,stable
15,5,printer,0.990388333870448,1.0,0.9972966912536333,1.0,0.9798994974874372,0.0,0.0,0.0,stable
15,6,washing_machine,1.0,1.0,0.9999061012167166,1.0,0.9952830188679245,0.0,0.0,0.0,stable
15,7,desktop,0.9417285200179937,0.9794660325170343,0.9785720569231685,0.995861344537815,0.9279279279279279,0.0,0.0,0.0,stable
15,8,battery,0.6099876766348997,1.0,0.9751072721446742,1.0,0.591715976331361,0.02,0.05,0.01,stable
15,9,desktop,0.4227064220183487,0.98,0.9424716075964307,1.0,0.0,0.03,0.03,0.03,mixed
15,10,display,0.5167916666666666,0.975609756097561,0.9361981674819451,1.0,0.0,0.08,0.01,0.08,mixed
15,11,input_peripheral,0.9586464978210067,0.9904076186970924,0.9865615259573111,1.0,0.9414414414414415,0.0,0.0,0.0,stable
15,12,audio,0.5328208300385174,0.9947916666666666,0.9405778486452735,1.0,0.517948717948718,0.12,0.12,0.0,mixed
15,13,display,0.0,0.9823785126533147,0.896671755427329,1.0,0.0,0.11,0.07,0.11,mixed
15,14,audio,0.4788558931860037,0.9272727272727272,0.8965753078568683,0.9830568124685771,0.0,0.06,0.04,0.06,mixed
16,0,desktop,0.8224622494737805,0.9788582564542658,0.9546869360103056,0.9957548955966677,0.5856573705179283,0.01,0.02,0.0,stable
16,1,washing_machine,0.9926234917043741,1.0,0.9933701197256798,1.0,0.6759259259259259,0.0,0.02,0.0,stable
16,2,phone_tablet,0.9856469130313061,0.9971509046486522,0.9942490262667648,1.0,0.9836065573770492,0.0,0.0,0.0,stable
16,3,desktop,0.9375630252100841,0.9807692307692307,0.976263560527873,1.0,0.8738738738738738,0.0,0.0,0.0,stable
16,4,printer,0.9897573806532663,1.0,0.9973444341610929,1.0,0.9855769230769231,0.0,0.0,0.0,stable
16,5,display,0.93599892202659,0.9747899159663865,0.9646992766335224,1.0,0.5045871559633027,0.02,0.0,0.02,stable
16,6,camera,0.47094594594594597,0.9206909937888199,0.8667774062082336,0.9816627358490566,0.0,0.11,0.08,0.12,mixed
16,7,audio,0.5165685350918511,0.973332806573957,0.8646985971736797,1.0,0.5104166666666666,0.26,0.0,0.26,mixed
16,8,cooking_appliance,0.9785492496118682,0.9946522534889042,0.9944810019306921,1.0,0.968421052631579,0.0,0.0,0.0,stable
16,9,battery,0.5835196053946055,1.0,0.9112460752018953,1.0,0.5697674418604651,0.1,0.22,0.01,mixed
16,10,laptop,0.9448275862068966,0.9882352941176471,0.9831512932723134,1.0,0.9005847953216374,0.0,0.0,0.0,stable
16,11,audio,0.0,0.9886363636363636,0.7352596389408879,1.0,0.0,0.26,0.26,0.26,mixed
16,12,display,0.9547399672399672,0.9826086956521739,0.9633160689812013,1.0,0.0,0.02,0.02,0.02,stable
16,13,input_peripheral,0.9609193348580141,0.9906976744186047,0.9853267266972238,1.0,0.5906976744186047,0.01,0.01,0.0,stable
16,14,electronic_component,0.7150786199464437,0.9958241796561704,0.9574818229524551,1.0,0.7047244094488189,0.0,0.13,0.0,stable
16,15,input_peripheral,0.9871179883945841,0.9956709956709957,0.9945053505756255,1.0,0.9834710743801653,0.0,0.0,0.0,stable
