k,seed,is_medoid,ari_to_medoid,ami_to_medoid,silhouette,davies_bouldin,calinski_harabasz,source_nmi,min_cluster_size,max_cluster_size,pairwise_ari_mean,pairwise_ami_mean,null_empirical_p_vs_observed_median
12,0,False,0.9981803717235254,0.9977028897301096,0.3234338164329529,1.4602347617963518,442.42125321334515,0.16024545827666986,238,461,0.995272159576416,0.9961511492729187,0.009900990099009901
12,1,True,1.0,1.0,0.32346105575561523,1.4582412764606383,442.42088738051626,0.1599727044951605,238,461,0.995272159576416,0.9961511492729187,0.009900990099009901
12,2,False,0.9992212560251342,0.9992071243311108,0.3234151005744934,1.458859764559586,442.4215800451826,0.1597015497262096,238,460,0.995272159576416,0.9961511492729187,0.009900990099009901
12,3,False,0.9992212560251342,0.9992071243311108,0.3234151005744934,1.4588597645595864,442.4215800451827,0.1597015497262096,238,460,0.995272159576416,0.9961511492729187,0.009900990099009901
12,4,False,0.9992212560251342,0.999207124331111,0.3234151005744934,1.458859764559586,442.42158004518274,0.15970154972620962,238,460,0.995272159576416,0.9961511492729187,0.009900990099009901
12,5,False,0.9992212560251342,0.9992071243311107,0.3234151005744934,1.458859764559586,442.42158004518274,0.15970154972620962,238,460,0.995272159576416,0.9961511492729187,0.009900990099009901
12,6,False,0.9993762748149423,0.9992306371137928,0.3234466314315796,1.4582031797518562,442.4196221759904,0.16017791367619816,238,461,0.995272159576416,0.9961511492729187,0.009900990099009901
12,7,False,0.9987386511516275,0.998458754373436,0.32343629002571106,1.4588868432918083,442.41929592560484,0.16036187742548952,238,461,0.995272159576416,0.9961511492729187,0.009900990099009901
12,8,False,1.0,0.9999999999999998,0.32346105575561523,1.4582412764606383,442.42088738051615,0.1599727044951605,238,461,0.995272159576416,0.9961511492729187,0.009900990099009901
12,9,False,0.9981783882257964,0.9977025194670449,0.3234299123287201,1.4592415441043187,442.4183852220345,0.16041906727156194,238,461,0.995272159576416,0.9961511492729187,0.009900990099009901
12,10,False,0.9979587719175462,0.9976657343124963,0.3233906328678131,1.4594991343728259,442.4205075828909,0.1600902001297613,238,460,0.995272159576416,0.9961511492729187,0.009900990099009901
12,11,False,1.0,0.9999999999999998,0.32346105575561523,1.4582412764606383,442.42088738051626,0.15997270449516052,238,461,0.995272159576416,0.9961511492729187,0.009900990099009901
12,12,False,0.9993762748149423,0.9992306371137931,0.3234466314315796,1.4582031797518564,442.4196221759904,0.1601779136761982,238,461,0.995272159576416,0.9961511492729187,0.009900990099009901
12,13,False,1.0,0.9999999999999998,0.32346105575561523,1.4582412764606383,442.42088738051626,0.15997270449516046,238,461,0.995272159576416,0.9961511492729187,0.009900990099009901
12,14,False,0.9993762748149423,0.9992306371137931,0.3234466314315796,1.4582031797518564,442.4196221759904,0.16017791367619816,238,461,0.995272159576416,0.9961511492729187,0.009900990099009901
12,15,False,0.9992212560251342,0.9992071243311113,0.3234151005744934,1.458859764559586,442.4215800451826,0.15970154972620962,238,460,0.995272159576416,0.9961511492729187,0.009900990099009901
12,16,False,0.9993762748149423,0.9992306371137928,0.3234466314315796,1.4582031797518564,442.4196221759904,0.16017791367619816,238,461,0.995272159576416,0.9961511492729187,0.009900990099009901
12,17,False,0.9992212560251342,0.9992071243311108,0.3234151005744934,1.458859764559586,442.4215800451828,0.15970154972620962,238,460,0.995272159576416,0.9961511492729187,0.009900990099009901
12,18,False,0.9992212560251342,0.9992071243311108,0.3234151005744934,1.458859764559586,442.4215800451828,0.15970154972620962,238,460,0.995272159576416,0.9961511492729187,0.009900990099009901
12,19,False,0.9988001676409076,0.9984715122056531,0.32344451546669006,1.4592816566425197,442.4193968359857,0.16021311906025748,238,461,0.995272159576416,0.9961511492729187,0.009900990099009901
12,20,False,0.9993762748149423,0.9992306371137928,0.3234466314315796,1.4582031797518564,442.4196221759903,0.16017791367619816,238,461,0.995272159576416,0.9961511492729187,0.009900990099009901
12,21,False,0.9993762748149423,0.9992306371137931,0.3234466314315796,1.4582031797518562,442.4196221759903,0.16017791367619816,238,461,0.995272159576416,0.9961511492729187,0.009900990099009901
12,22,False,0.9993762748149423,0.9992306371137931,0.3234466314315796,1.4582031797518564,442.4196221759903,0.1601779136761982,238,461,0.995272159576416,0.9961511492729187,0.009900990099009901
12,23,False,0.9992212560251342,0.9992071243311108,0.3234151005744934,1.4588597645595864,442.4215800451827,0.15970154972620962,238,460,0.995272159576416,0.9961511492729187,0.009900990099009901
12,24,False,1.0,0.9999999999999998,0.32346105575561523,1.4582412764606383,442.42088738051626,0.15997270449516046,238,461,0.995272159576416,0.9961511492729187,0.009900990099009901
12,25,False,1.0,0.9999999999999998,0.32346105575561523,1.4582412764606378,442.42088738051626,0.1599727044951605,238,461,0.995272159576416,0.9961511492729187,0.009900990099009901
12,26,False,1.0,0.9999999999999998,0.32346105575561523,1.4582412764606383,442.42088738051626,0.1599727044951605,238,461,0.995272159576416,0.9961511492729187,0.009900990099009901
12,27,False,0.9985815804733623,0.9984349016180045,0.32340511679649353,1.459538252345398,442.4216901252668,0.1598837311179896,238,460,0.995272159576416,0.9961511492729187,0.009900990099009901
12,28,False,0.9993613847974923,0.9992279381871585,0.3234507739543915,1.4589259428789418,442.42047846424316,0.16015540265545844,238,461,0.995272159576416,0.9961511492729187,0.009900990099009901
12,29,False,0.9993613847974923,0.9992279381871583,0.3234507739543915,1.458925942878942,442.42047846424316,0.16015540265545844,238,461,0.995272159576416,0.9961511492729187,0.009900990099009901
12,30,False,0.9992212560251342,0.9992071243311108,0.3234151005744934,1.458859764559586,442.4215800451826,0.1597015497262096,238,460,0.995272159576416,0.9961511492729187,0.009900990099009901
12,31,False,0.9985974546740635,0.998437778233042,0.32340067625045776,1.4588216494774027,442.42031483837087,0.159906753206978,238,460,0.995272159576416,0.9961511492729187,0.009900990099009901
12,32,False,1.0,0.9999999999999998,0.32346105575561523,1.4582412764606383,442.42088738051615,0.15997270449516046,238,461,0.995272159576416,0.9961511492729187,0.009900990099009901
12,33,False,0.9993762748149423,0.9992306371137928,0.3234466314315796,1.4582031797518562,442.4196221759903,0.16017791367619816,238,461,0.995272159576416,0.9961511492729187,0.009900990099009901
12,34,False,0.9993762748149423,0.9992306371137929,0.3234466314315796,1.4582031797518564,442.4196221759903,0.1601779136761982,238,461,0.995272159576416,0.9961511492729187,0.009900990099009901
12,35,False,1.0,0.9999999999999998,0.32346105575561523,1.4582412764606383,442.42088738051626,0.15997270449516046,238,461,0.995272159576416,0.9961511492729187,0.009900990099009901
12,36,False,1.0,0.9999999999999998,0.32346105575561523,1.4582412764606383,442.42088738051626,0.15997270449516046,238,461,0.995272159576416,0.9961511492729187,0.009900990099009901
12,37,False,1.0,0.9999999999999998,0.32346105575561523,1.4582412764606378,442.42088738051615,0.1599727044951605,238,461,0.995272159576416,0.9961511492729187,0.009900990099009901
12,38,False,0.9985815804733623,0.9984349016180046,0.32340511679649353,1.4595382523453981,442.4216901252669,0.1598837311179896,238,460,0.995272159576416,0.9961511492729187,0.009900990099009901
12,39,False,0.9986589711478486,0.9984505360645289,0.3234088122844696,1.4592166578031873,442.42009577583144,0.15975979479945562,238,460,0.995272159576416,0.9961511492729187,0.009900990099009901
12,40,False,1.0,0.9999999999999998,0.32346105575561523,1.4582412764606378,442.42088738051626,0.15997270449516046,238,461,0.995272159576416,0.9961511492729187,0.009900990099009901
12,41,False,1.0,0.9999999999999998,0.32346105575561523,1.4582412764606378,442.42088738051626,0.1599727044951605,238,461,0.995272159576416,0.9961511492729187,0.009900990099009901
12,42,False,1.0,0.9999999999999998,0.32346105575561523,1.4582412764606378,442.42088738051626,0.15997270449516046,238,461,0.995272159576416,0.9961511492729187,0.009900990099009901
12,43,False,0.9993762748149423,0.9992306371137931,0.3234466314315796,1.4582031797518562,442.4196221759903,0.16017791367619816,238,461,0.995272159576416,0.9961511492729187,0.009900990099009901
12,44,False,1.0,1.0,0.32346105575561523,1.4582412764606378,442.42088738051626,0.15997270449516046,238,461,0.995272159576416,0.9961511492729187,0.009900990099009901
12,45,False,1.0,1.0,0.32346105575561523,1.4582412764606383,442.4208873805164,0.15997270449516046,238,461,0.995272159576416,0.9961511492729187,0.009900990099009901
12,46,False,0.9993762748149423,0.9992306371137931,0.3234466314315796,1.4582031797518562,442.4196221759903,0.16017791367619816,238,461,0.995272159576416,0.9961511492729187,0.009900990099009901
12,47,False,0.9351562872604194,0.9601393582462527,0.3223293721675873,1.438443293895685,440.37393652233567,0.15294245828159686,213,461,0.995272159576416,0.9961511492729187,0.009900990099009901
12,48,False,1.0,0.9999999999999998,0.32346105575561523,1.4582412764606378,442.42088738051626,0.15997270449516043,238,461,0.995272159576416,0.9961511492729187,0.009900990099009901
12,49,False,1.0,0.9999999999999998,0.32346105575561523,1.4582412764606383,442.42088738051604,0.15997270449516046,238,461,0.995272159576416,0.9961511492729187,0.009900990099009901
12,50,False,0.9989036357692074,0.9986495740292922,0.32349786162376404,1.4598034230897812,442.4214211564809,0.16056474167170762,238,461,0.995272159576416,0.9961511492729187,0.009900990099009901
12,51,False,0.9982678543682709,0.9977203988564325,0.32346123456954956,1.4603656730975327,442.4241349021344,0.16034892905197878,238,461,0.995272159576416,0.9961511492729187,0.009900990099009901
12,52,False,0.9993762748149423,0.9992306371137929,0.3234466314315796,1.4582031797518564,442.4196221759904,0.16017791367619816,238,461,0.995272159576416,0.9961511492729187,0.009900990099009901
12,53,False,1.0,0.9999999999999998,0.32346105575561523,1.4582412764606378,442.42088738051626,0.1599727044951605,238,461,0.995272159576416,0.9961511492729187,0.009900990099009901
12,54,False,0.9985994389785249,0.9984381482218124,0.3234040141105652,1.459814216616822,442.42225123911624,0.15973410105438046,238,460,0.995272159576416,0.9961511492729187,0.009900990099009901
12,55,False,0.9993762748149423,0.9992306371137928,0.3234466314315796,1.4582031797518564,442.4196221759904,0.16017791367619816,238,461,0.995272159576416,0.9961511492729187,0.009900990099009901
12,56,False,0.9993762748149423,0.9992306371137929,0.3234466314315796,1.4582031797518564,442.4196221759903,0.16017791367619816,238,461,0.995272159576416,0.9961511492729187,0.009900990099009901
12,57,False,1.0,0.9999999999999998,0.32346105575561523,1.4582412764606383,442.42088738051615,0.1599727044951605,238,461,0.995272159576416,0.9961511492729187,0.009900990099009901
12,58,False,1.0,1.0,0.32346105575561523,1.4582412764606383,442.42088738051615,0.1599727044951605,238,461,0.995272159576416,0.9961511492729187,0.009900990099009901
12,59,False,1.0,0.9999999999999998,0.32346105575561523,1.4582412764606378,442.42088738051615,0.15997270449516052,238,461,0.995272159576416,0.9961511492729187,0.009900990099009901
12,60,False,1.0,0.9999999999999998,0.32346105575561523,1.4582412764606383,442.42088738051626,0.15997270449516043,238,461,0.995272159576416,0.9961511492729187,0.009900990099009901
12,61,False,0.9993762748149423,0.9992306371137928,0.3234466314315796,1.4582031797518564,442.4196221759904,0.16017791367619816,238,461,0.995272159576416,0.9961511492729187,0.009900990099009901
12,62,False,0.9993762748149423,0.9992306371137929,0.3234466314315796,1.4582031797518564,442.4196221759903,0.16017791367619816,238,461,0.995272159576416,0.9961511492729187,0.009900990099009901
12,63,False,1.0,0.9999999999999998,0.32346105575561523,1.4582412764606383,442.42088738051626,0.15997270449516043,238,461,0.995272159576416,0.9961511492729187,0.009900990099009901
12,64,False,1.0,0.9999999999999998,0.32346105575561523,1.4582412764606378,442.42088738051615,0.15997270449516046,238,461,0.995272159576416,0.9961511492729187,0.009900990099009901
12,65,False,0.9935291014107774,0.9928426766588447,0.3233805298805237,1.465840709534527,442.4084168403667,0.16119171051046724,238,460,0.995272159576416,0.9961511492729187,0.009900990099009901
12,66,False,0.9992212560251342,0.9992071243311108,0.3234151005744934,1.458859764559586,442.4215800451828,0.15970154972620962,238,460,0.995272159576416,0.9961511492729187,0.009900990099009901
12,67,False,0.9993613847974923,0.9992279381871583,0.3234507739543915,1.4589259428789418,442.42047846424316,0.16015540265545844,238,461,0.995272159576416,0.9961511492729187,0.009900990099009901
12,68,False,0.9992212560251342,0.9992071243311107,0.3234151005744934,1.458859764559586,442.4215800451826,0.15970154972620962,238,460,0.995272159576416,0.9961511492729187,0.009900990099009901
12,69,False,0.9985974546740635,0.998437778233042,0.32340067625045776,1.458821649477403,442.42031483837087,0.159906753206978,238,460,0.995272159576416,0.9961511492729187,0.009900990099009901
12,70,False,0.9993613847974923,0.9992279381871585,0.3234507739543915,1.4589259428789418,442.4204784642431,0.16015540265545844,238,461,0.995272159576416,0.9961511492729187,0.009900990099009901
12,71,False,0.9993613847974923,0.9992279381871583,0.3234507739543915,1.4589259428789418,442.4204784642431,0.16015540265545844,238,461,0.995272159576416,0.9961511492729187,0.009900990099009901
12,72,False,0.9992212560251342,0.9992071243311107,0.3234151005744934,1.458859764559586,442.4215800451828,0.15970154972620962,238,460,0.995272159576416,0.9961511492729187,0.009900990099009901
12,73,False,0.9986589711478486,0.9984505360645292,0.3234088122844696,1.4592166578031869,442.42009577583144,0.15975979479945565,238,460,0.995272159576416,0.9961511492729187,0.009900990099009901
12,74,False,0.995939658644837,0.995049961595072,0.3233742415904999,1.4632603718359694,442.41755997422047,0.16046789120746402,238,461,0.995272159576416,0.9961511492729187,0.009900990099009901
12,75,False,0.9993762748149423,0.9992306371137931,0.3234466314315796,1.4582031797518564,442.4196221759903,0.16017791367619816,238,461,0.995272159576416,0.9961511492729187,0.009900990099009901
12,76,False,1.0,0.9999999999999998,0.32346105575561523,1.4582412764606378,442.42088738051626,0.1599727044951605,238,461,0.995272159576416,0.9961511492729187,0.009900990099009901
12,77,False,0.9985974546740635,0.9984377782330417,0.32340067625045776,1.458821649477403,442.42031483837087,0.159906753206978,238,460,0.995272159576416,0.9961511492729187,0.009900990099009901
12,78,False,1.0,1.0,0.32346105575561523,1.4582412764606383,442.42088738051626,0.15997270449516043,238,461,0.995272159576416,0.9961511492729187,0.009900990099009901
12,79,False,1.0,0.9999999999999998,0.32346105575561523,1.4582412764606378,442.42088738051626,0.1599727044951605,238,461,0.995272159576416,0.9961511492729187,0.009900990099009901
12,80,False,1.0,0.9999999999999998,0.32346105575561523,1.4582412764606378,442.42088738051626,0.15997270449516043,238,461,0.995272159576416,0.9961511492729187,0.009900990099009901
12,81,False,0.9608129128461608,0.9694196940209937,0.323313444852829,1.4563292421421596,441.3370096453791,0.16188555444569788,237,465,0.995272159576416,0.9961511492729187,0.009900990099009901
12,82,False,1.0,0.9999999999999998,0.32346105575561523,1.4582412764606383,442.4208873805161,0.15997270449516046,238,461,0.995272159576416,0.9961511492729187,0.009900990099009901
12,83,False,1.0,0.9999999999999998,0.32346105575561523,1.4582412764606383,442.42088738051626,0.1599727044951605,238,461,0.995272159576416,0.9961511492729187,0.009900990099009901
12,84,False,0.9988001676409076,0.9984715122056532,0.32344451546669006,1.45928165664252,442.4193968359856,0.16021311906025745,238,461,0.995272159576416,0.9961511492729187,0.009900990099009901
12,85,False,0.9992212560251342,0.9992071243311108,0.3234151005744934,1.4588597645595864,442.4215800451828,0.15970154972620962,238,460,0.995272159576416,0.9961511492729187,0.009900990099009901
12,86,False,0.9992212560251342,0.9992071243311108,0.3234151005744934,1.458859764559586,442.4215800451827,0.15970154972620962,238,460,0.995272159576416,0.9961511492729187,0.009900990099009901
12,87,False,0.9986589711478486,0.9984505360645292,0.3234088122844696,1.4592166578031869,442.42009577583144,0.15975979479945562,238,460,0.995272159576416,0.9961511492729187,0.009900990099009901
12,88,False,1.0,0.9999999999999998,0.32346105575561523,1.4582412764606383,442.42088738051626,0.15997270449516052,238,461,0.995272159576416,0.9961511492729187,0.009900990099009901
12,89,False,0.9977207177223605,0.997124233592893,0.32348132133483887,1.461225892715157,442.42284074349436,0.1606561025275019,238,461,0.995272159576416,0.9961511492729187,0.009900990099009901
12,90,False,0.9620174285949553,0.9706894481169832,0.32326510548591614,1.456819339278024,441.3364963199268,0.16202688118544045,237,464,0.995272159576416,0.9961511492729187,0.009900990099009901
12,91,False,0.9994378241175267,0.9992433850927533,0.32345473766326904,1.4585981697042392,442.41940311384695,0.16003094516271027,238,461,0.995272159576416,0.9961511492729187,0.009900990099009901
12,92,False,0.9578684523767851,0.969267868499454,0.323192834854126,1.469643519167871,441.37511866410006,0.16144608918195905,233,462,0.995272159576416,0.9961511492729187,0.009900990099009901
12,93,False,0.9988001676409076,0.9984715122056532,0.32344451546669006,1.4592816566425195,442.4193968359857,0.16021311906025743,238,461,0.995272159576416,0.9961511492729187,0.009900990099009901
12,94,False,0.9993613847974923,0.9992279381871586,0.3234507739543915,1.458925942878942,442.4204784642432,0.16015540265545844,238,461,0.995272159576416,0.9961511492729187,0.009900990099009901
12,95,False,0.9981952481644651,0.9977055927280163,0.3234293758869171,1.4595694330186946,442.4201424273939,0.16026796833602436,238,461,0.995272159576416,0.9961511492729187,0.009900990099009901
12,96,False,1.0,1.0,0.32346105575561523,1.4582412764606378,442.42088738051626,0.15997270449516046,238,461,0.995272159576416,0.9961511492729187,0.009900990099009901
12,97,False,0.9992212560251342,0.9992071243311108,0.3234151005744934,1.458859764559586,442.4215800451827,0.15970154972620962,238,460,0.995272159576416,0.9961511492729187,0.009900990099009901
12,98,False,0.9992212560251342,0.9992071243311108,0.3234151005744934,1.458859764559586,442.4215800451828,0.15970154972620962,238,460,0.995272159576416,0.9961511492729187,0.009900990099009901
12,99,False,0.9993762748149423,0.9992306371137928,0.3234466314315796,1.4582031797518564,442.4196221759904,0.16017791367619816,238,461,0.995272159576416,0.9961511492729187,0.009900990099009901
13,0,False,0.996016889064043,0.9950390044051688,0.3299213647842407,1.4048936129844267,438.7386336836664,0.16263085880753592,136,461,0.9953892230987549,0.9948055744171143,0.009900990099009901
13,1,False,0.9957754108082071,0.9951748028002495,0.32982784509658813,1.4133037172132332,438.768166086232,0.16242702880294352,133,461,0.9953892230987549,0.9948055744171143,0.009900990099009901
13,2,False,0.996016889064043,0.9950390044051688,0.3299213647842407,1.4048936129844267,438.7386336836664,0.16263085880753597,136,461,0.9953892230987549,0.9948055744171143,0.009900990099009901
13,3,False,0.994683221688996,0.9930775039221502,0.3299439549446106,1.4136329095135176,438.7531009210165,0.1628532044384035,137,461,0.9953892230987549,0.9948055744171143,0.009900990099009901
13,4,False,0.9991692548616433,0.9987657156387829,0.32989802956581116,1.4055366015622666,438.75696888099685,0.16196436505858813,135,461,0.9953892230987549,0.9948055744171143,0.009900990099009901
13,5,False,0.9985280009885494,0.9980171286223435,0.32991236448287964,1.4055181116662396,438.75601516635504,0.16176134079511365,135,461,0.9953892230987549,0.9948055744171143,0.009900990099009901
13,6,False,0.9991692548616433,0.9987657156387829,0.32989802956581116,1.4055366015622666,438.75696888099674,0.16196436505858816,135,461,0.9953892230987549,0.9948055744171143,0.009900990099009901
13,7,False,0.9911077620889822,0.9902679228322603,0.3298633098602295,1.41647685645832,438.7389191404523,0.16307158643456202,135,461,0.9953892230987549,0.9948055744171143,0.009900990099009901
13,8,False,0.9985686517876282,0.9978726527671657,0.32996031641960144,1.4054246348609334,438.75138668332846,0.16232812655409434,135,461,0.9953892230987549,0.9948055744171143,0.009900990099009901
13,9,False,0.9985280009885494,0.9980171286223435,0.32991236448287964,1.4055181116662396,438.7560151663549,0.16176134079511367,135,461,0.9953892230987549,0.9948055744171143,0.009900990099009901
13,10,False,0.9964478140621433,0.9957348645286085,0.32985424995422363,1.4051511703337276,438.74276654617967,0.162058006934688,135,461,0.9953892230987549,0.9948055744171143,0.009900990099009901
13,11,False,0.9981987476175442,0.9973411554451956,0.3299408555030823,1.4059747312688147,438.75110843042967,0.16285092653636038,136,461,0.9953892230987549,0.9948055744171143,0.009900990099009901
13,12,False,0.9994139983942418,0.9992621522123406,0.3298661410808563,1.4053685859210392,438.7631642193468,0.16238872520620948,133,461,0.9953892230987549,0.9948055744171143,0.009900990099009901
13,13,False,0.9994139983942418,0.9992621522123403,0.3298661410808563,1.4053685859210392,438.76316421934706,0.1623887252062095,133,461,0.9953892230987549,0.9948055744171143,0.009900990099009901
13,14,False,0.9983318828876603,0.9973773922341229,0.3299667537212372,1.40589893650328,438.74745311467836,0.1627258973598418,137,461,0.9953892230987549,0.9948055744171143,0.009900990099009901
13,15,False,0.9986321813791287,0.9980382041864599,0.329872727394104,1.405474817042853,438.7545032493379,0.1619736850269914,135,461,0.9953892230987549,0.9948055744171143,0.009900990099009901
13,16,False,0.9989424476040306,0.998557236710357,0.32990533113479614,1.4053169916330608,438.7587437979679,0.16194404665305023,134,461,0.9953892230987549,0.9948055744171143,0.009900990099009901
13,17,False,0.9994139983942418,0.9992621522123406,0.3298661410808563,1.4053685859210394,438.76316421934695,0.1623887252062095,133,461,0.9953892230987549,0.9948055744171143,0.009900990099009901
13,18,False,0.9989424476040306,0.998557236710357,0.32990533113479614,1.4053169916330606,438.758743797968,0.16194404665305023,134,461,0.9953892230987549,0.9948055744171143,0.009900990099009901
13,19,False,0.9991692548616433,0.9987657156387829,0.32989802956581116,1.4055366015622666,438.7569688809968,0.1619643650585881,135,461,0.9953892230987549,0.9948055744171143,0.009900990099009901
13,20,False,0.9991692548616433,0.998765715638783,0.32989802956581116,1.4055366015622668,438.75696888099685,0.1619643650585881,135,461,0.9953892230987549,0.9948055744171143,0.009900990099009901
13,21,False,0.9985280009885494,0.9980171286223434,0.32991236448287964,1.4055181116662396,438.75601516635504,0.16176134079511365,135,461,0.9953892230987549,0.9948055744171143,0.009900990099009901
13,22,False,0.9952667275374948,0.9940324260756871,0.3299625813961029,1.407506591062661,438.72781256651587,0.1630877952007082,138,461,0.9953892230987549,0.9948055744171143,0.009900990099009901
13,23,False,0.9983318828876603,0.9973773922341229,0.3299667537212372,1.40589893650328,438.74745311467836,0.1627258973598418,137,461,0.9953892230987549,0.9948055744171143,0.009900990099009901
13,24,False,0.9987850085551373,0.9980788982125085,0.3299461901187897,1.4056486987564223,438.751176909093,0.16279546683681845,136,461,0.9953892230987549,0.9948055744171143,0.009900990099009901
13,25,False,0.9987850085551373,0.9980788982125085,0.3299461901187897,1.4056486987564223,438.7511769090931,0.16279546683681845,136,461,0.9953892230987549,0.9948055744171143,0.009900990099009901
13,26,False,0.9978649399247418,0.9977068646126614,0.3298318684101105,1.404332147446993,438.74909860194845,0.16237145070722028,133,461,0.9953892230987549,0.9948055744171143,0.009900990099009901
13,27,False,0.9983318828876603,0.9973773922341229,0.3299667537212372,1.40589893650328,438.7474531146785,0.1627258973598418,137,461,0.9953892230987549,0.9948055744171143,0.009900990099009901
13,28,False,0.9991692548616433,0.998765715638783,0.32989802956581116,1.4055366015622668,438.75696888099674,0.1619643650585881,135,461,0.9953892230987549,0.9948055744171143,0.009900990099009901
13,29,False,0.9994629901438269,0.9992724551462981,0.3298461139202118,1.404980985767255,438.76076702662266,0.1623425778753229,133,461,0.9953892230987549,0.9948055744171143,0.009900990099009901
13,30,False,0.9656737522511143,0.9714311848629487,0.32973310351371765,1.3472057166003741,437.1510104520131,0.1657649677246476,137,462,0.9953892230987549,0.9948055744171143,0.009900990099009901
13,31,False,0.9991692548616433,0.998765715638783,0.32989802956581116,1.4055366015622666,438.75696888099674,0.1619643650585881,135,461,0.9953892230987549,0.9948055744171143,0.009900990099009901
13,32,False,0.9991692548616433,0.998765715638783,0.32989802956581116,1.4055366015622668,438.7569688809966,0.16196436505858816,135,461,0.9953892230987549,0.9948055744171143,0.009900990099009901
13,33,False,0.9975584541672086,0.996592772377617,0.32995542883872986,1.4059571982108254,438.74997879184116,0.16264843293354567,136,461,0.9953892230987549,0.9948055744171143,0.009900990099009901
13,34,False,0.9991692548616433,0.9987657156387829,0.32989802956581116,1.4055366015622668,438.7569688809968,0.1619643650585881,135,461,0.9953892230987549,0.9948055744171143,0.009900990099009901
13,35,False,0.9964478140621433,0.9957348645286085,0.32985424995422363,1.4051511703337276,438.7427665461797,0.16205800693468803,135,461,0.9953892230987549,0.9948055744171143,0.009900990099009901
13,36,False,0.9991692548616433,0.9987657156387829,0.32989802956581116,1.4055366015622666,438.75696888099685,0.16196436505858816,135,461,0.9953892230987549,0.9948055744171143,0.009900990099009901
13,37,False,0.9979354911149109,0.997278260637511,0.32988280057907104,1.4075354738485757,438.75924221061456,0.16205049628714072,135,461,0.9953892230987549,0.9948055744171143,0.009900990099009901
13,38,False,0.9985280009885494,0.9980171286223432,0.32991236448287964,1.4055181116662396,438.7560151663549,0.16176134079511365,135,461,0.9953892230987549,0.9948055744171143,0.009900990099009901
13,39,False,0.9985280009885494,0.9980171286223434,0.32991236448287964,1.4055181116662394,438.7560151663549,0.16176134079511365,135,461,0.9953892230987549,0.9948055744171143,0.009900990099009901
13,40,False,0.9970339520249498,0.9964726631449118,0.3298596441745758,1.404825137821335,438.74283502329075,0.1620025207220847,135,461,0.9953892230987549,0.9948055744171143,0.009900990099009901
13,41,False,0.9986237194799215,0.9978834681606795,0.3299405574798584,1.4057691572693531,438.75227190709364,0.1625866199482422,135,461,0.9953892230987549,0.9948055744171143,0.009900990099009901
13,42,False,0.9963970761658335,0.9957247529648029,0.32987478375434875,1.4048084061254957,438.7426482103762,0.16179926692231225,135,461,0.9953892230987549,0.9948055744171143,0.009900990099009901
13,43,False,0.9981437054127714,0.9973303312960163,0.3299606740474701,1.4056302088603951,438.7502232094634,0.16259245645420753,136,461,0.9953892230987549,0.9948055744171143,0.009900990099009901
13,44,False,0.9652756461805334,0.9719211677351468,0.3296641409397125,1.346600625432236,437.1599779622201,0.1654345076877526,135,463,0.9953892230987549,0.9948055744171143,0.009900990099009901
13,45,False,0.9937534182350444,0.9931214997813701,0.3298545479774475,1.416945839453625,438.75379806660214,0.16342800621776413,134,461,0.9953892230987549,0.9948055744171143,0.009900990099009901
13,46,False,0.9985830675670081,0.9980279414640776,0.329892635345459,1.4058626340746596,438.7569004012553,0.16201984543692546,135,461,0.9953892230987549,0.9948055744171143,0.009900990099009901
13,47,False,0.9992098834011334,0.9986212475345944,0.3299459218978882,1.4054431247569605,438.7523403859737,0.16253115102850227,135,461,0.9953892230987549,0.9948055744171143,0.009900990099009901
13,48,False,0.9985280009885494,0.9980171286223434,0.32991236448287964,1.4055181116662396,438.75601516635504,0.16176134079511365,135,461,0.9953892230987549,0.9948055744171143,0.009900990099009901
13,49,False,0.9991692548616433,0.9987657156387829,0.32989802956581116,1.4055366015622668,438.7569688809968,0.16196436505858813,135,461,0.9953892230987549,0.9948055744171143,0.009900990099009901
13,50,False,0.9985830675670081,0.9980279414640778,0.329892635345459,1.4058626340746594,438.7569004012553,0.1620198454369254,135,461,0.9953892230987549,0.9948055744171143,0.009900990099009901
13,51,False,0.9994139983942418,0.9992621522123404,0.3298661410808563,1.4053685859210394,438.76316421934683,0.1623887252062095,133,461,0.9953892230987549,0.9948055744171143,0.009900990099009901
13,52,False,0.9983318828876603,0.9973773922341229,0.3299667537212372,1.4058989365032803,438.7474531146783,0.16272589735984178,137,461,0.9953892230987549,0.9948055744171143,0.009900990099009901
13,53,False,0.9991692548616433,0.9987657156387829,0.32989802956581116,1.4055366015622668,438.75696888099674,0.1619643650585881,135,461,0.9953892230987549,0.9948055744171143,0.009900990099009901
13,54,False,0.9967864595576452,0.9959605405025047,0.32988354563713074,1.409687731818533,438.7601083714422,0.16230373212609522,135,461,0.9953892230987549,0.9948055744171143,0.009900990099009901
13,55,False,0.9991692548616433,0.9987657156387829,0.32989802956581116,1.4055366015622668,438.7569688809968,0.16196436505858813,135,461,0.9953892230987549,0.9948055744171143,0.009900990099009901
13,56,False,0.9981437054127714,0.9973303312960163,0.3299606740474701,1.4056302088603951,438.7502232094634,0.16259245645420756,136,461,0.9953892230987549,0.9948055744171143,0.009900990099009901
13,57,False,0.9949459801181221,0.9939412357502574,0.32985377311706543,1.4137931385661568,438.762174915152,0.16205854060144997,135,461,0.9953892230987549,0.9948055744171143,0.009900990099009901
13,58,False,0.9991692548616433,0.9987657156387829,0.32989802956581116,1.4055366015622668,438.7569688809968,0.1619643650585881,135,461,0.9953892230987549,0.9948055744171143,0.009900990099009901
13,59,False,0.9987850085551373,0.9980788982125085,0.3299461901187897,1.4056486987564223,438.7511769090931,0.1627954668368185,136,461,0.9953892230987549,0.9948055744171143,0.009900990099009901
13,60,False,0.9924586609554237,0.9911852127403015,0.32995060086250305,1.4179151568719384,438.74401743974767,0.16406266855655943,137,461,0.9953892230987549,0.9948055744171143,0.009900990099009901
13,61,False,0.9993588816256663,0.9992513594416035,0.32988590002059937,1.4050240635126197,438.7622789693772,0.16213019898582157,133,461,0.9953892230987549,0.9948055744171143,0.009900990099009901
13,62,False,0.9985280009885494,0.9980171286223435,0.32991236448287964,1.4055181116662396,438.75601516635487,0.16176134079511367,135,461,0.9953892230987549,0.9948055744171143,0.009900990099009901
13,63,False,0.9983318828876603,0.9973773922341229,0.3299667537212372,1.40589893650328,438.74745311467836,0.16272589735984178,137,461,0.9953892230987549,0.9948055744171143,0.009900990099009901
13,64,False,0.9985280009885494,0.9980171286223434,0.32991236448287964,1.4055181116662399,438.7560151663549,0.16176134079511362,135,461,0.9953892230987549,0.9948055744171143,0.009900990099009901
13,65,False,0.9991692548616433,0.9987657156387829,0.32989802956581116,1.4055366015622666,438.75696888099696,0.1619643650585881,135,461,0.9953892230987549,0.9948055744171143,0.009900990099009901
13,66,False,0.9928919518805885,0.9917600588824022,0.329912394285202,1.4124350570874162,438.74621597303843,0.16296253494574633,135,461,0.9953892230987549,0.9948055744171143,0.009900990099009901
13,67,False,0.9988769991349367,0.9985346038490022,0.3298408091068268,1.4053070182796479,438.76069854617447,0.16239805840214744,133,461,0.9953892230987549,0.9948055744171143,0.009900990099009901
13,68,False,0.9986237194799215,0.9978834681606793,0.3299405574798584,1.4057691572693531,438.75227190709364,0.1625866199482422,135,461,0.9953892230987549,0.9948055744171143,0.009900990099009901
13,69,False,0.9970339520249498,0.9964726631449117,0.3298596441745758,1.404825137821335,438.74283502329075,0.1620025207220847,135,461,0.9953892230987549,0.9948055744171143,0.009900990099009901
13,70,False,0.9929667316477343,0.9916088519244941,0.32999083399772644,1.4170786833603812,438.7402688708394,0.16383164020134433,137,461,0.9953892230987549,0.9948055744171143,0.009900990099009901
13,71,False,0.9995836342626777,0.9993058505126163,0.3298909366130829,1.4053354815290875,438.7596975196821,0.16214708224149435,134,461,0.9953892230987549,0.9948055744171143,0.009900990099009901
13,72,False,0.9991692548616433,0.9987657156387827,0.32989802956581116,1.4055366015622668,438.7569688809968,0.1619643650585881,135,461,0.9953892230987549,0.9948055744171143,0.009900990099009901
13,73,False,0.993297075895947,0.9925732066120578,0.32988089323043823,1.4175610530591611,438.75253310076323,0.16329429040925275,135,461,0.9953892230987549,0.9948055744171143,0.009900990099009901
13,74,False,0.9985280009885494,0.9980171286223435,0.32991236448287964,1.4055181116662396,438.7560151663548,0.16176134079511365,135,461,0.9953892230987549,0.9948055744171143,0.009900990099009901
13,75,False,0.9983318828876603,0.9973773922341228,0.3299667537212372,1.4058989365032803,438.74745311467836,0.16272589735984178,137,461,0.9953892230987549,0.9948055744171143,0.009900990099009901
13,76,False,0.9970339520249498,0.9964726631449118,0.3298596441745758,1.404825137821335,438.74283502329075,0.16200252072208474,135,461,0.9953892230987549,0.9948055744171143,0.009900990099009901
13,77,False,0.9983318828876603,0.9973773922341229,0.3299667537212372,1.40589893650328,438.74745311467836,0.1627258973598418,137,461,0.9953892230987549,0.9948055744171143,0.009900990099009901
13,78,False,0.9991692548616433,0.9987657156387829,0.32989802956581116,1.4055366015622668,438.75696888099685,0.1619643650585881,135,461,0.9953892230987549,0.9948055744171143,0.009900990099009901
13,79,False,0.9912548140588612,0.9892601393492879,0.3299190402030945,1.4142184570042153,438.7305875709338,0.16333871619935908,139,461,0.9953892230987549,0.9948055744171143,0.009900990099009901
13,80,False,0.9986237194799215,0.9978834681606795,0.3299405574798584,1.4057691572693534,438.75227190709353,0.1625866199482422,135,461,0.9953892230987549,0.9948055744171143,0.009900990099009901
13,81,False,0.9991692548616433,0.9987657156387829,0.32989802956581116,1.4055366015622668,438.75696888099674,0.16196436505858816,135,461,0.9953892230987549,0.9948055744171143,0.009900990099009901
13,82,False,0.9994139983942418,0.9992621522123406,0.3298661410808563,1.4053685859210392,438.76316421934695,0.16238872520620948,133,461,0.9953892230987549,0.9948055744171143,0.009900990099009901
13,83,True,1.0,1.0,0.3298714756965637,1.405042553408647,438.7632327002541,0.16233324608393082,133,461,0.9953892230987549,0.9948055744171143,0.009900990099009901
13,84,False,0.9985280009885494,0.9980171286223434,0.32991236448287964,1.4055181116662396,438.75601516635504,0.16176134079511362,135,461,0.9953892230987549,0.9948055744171143,0.009900990099009901
13,85,False,0.9979211438011862,0.9972747520188289,0.32991158962249756,1.4076539582181573,438.7547793757958,0.16179439989665753,135,461,0.9953892230987549,0.9948055744171143,0.009900990099009901
13,86,False,0.9975584541672086,0.996592772377617,0.32995542883872986,1.405957198210825,438.74997879184116,0.16264843293354558,136,461,0.9953892230987549,0.9948055744171143,0.009900990099009901
13,87,False,0.9933396186778819,0.9925817465071465,0.3298611044883728,1.4171451365142027,438.750899418336,0.16324539805746469,135,461,0.9953892230987549,0.9948055744171143,0.009900990099009901
13,88,False,0.9981437054127714,0.9973303312960166,0.3299606740474701,1.4056302088603951,438.7502232094634,0.1625924564542076,136,461,0.9953892230987549,0.9948055744171143,0.009900990099009901
13,89,False,0.9922200978001546,0.9903200511515878,0.32994845509529114,1.4125819903548984,438.7331620600192,0.1632577689201065,138,461,0.9953892230987549,0.9948055744171143,0.009900990099009901
13,90,False,1.0,1.0,0.3298714756965637,1.405042553408647,438.763232700254,0.1623332460839308,133,461,0.9953892230987549,0.9948055744171143,0.009900990099009901
13,91,False,0.9994139983942418,0.9992621522123404,0.3298661410808563,1.4053685859210394,438.76316421934695,0.16238872520620948,133,461,0.9953892230987549,0.9948055744171143,0.009900990099009901
13,92,False,0.9994139983942418,0.9992621522123404,0.3298661410808563,1.4053685859210394,438.76316421934683,0.16238872520620948,133,461,0.9953892230987549,0.9948055744171143,0.009900990099009901
13,93,False,0.9994139983942418,0.9992621522123403,0.3298661410808563,1.4053685859210394,438.76316421934695,0.16238872520620948,133,461,0.9953892230987549,0.9948055744171143,0.009900990099009901
13,94,False,0.9985280009885494,0.9980171286223434,0.32991236448287964,1.4055181116662396,438.75601516635504,0.16176134079511362,135,461,0.9953892230987549,0.9948055744171143,0.009900990099009901
13,95,False,0.9983318828876603,0.9973773922341229,0.3299667537212372,1.40589893650328,438.74745311467836,0.16272589735984178,137,461,0.9953892230987549,0.9948055744171143,0.009900990099009901
13,96,False,0.9945614640907648,0.9932545103443365,0.3299029469490051,1.413900314580466,438.75738288821685,0.16289661458474275,136,461,0.9953892230987549,0.9948055744171143,0.009900990099009901
13,97,False,0.9985280009885494,0.9980171286223434,0.32991236448287964,1.4055181116662396,438.7560151663549,0.16176134079511367,135,461,0.9953892230987549,0.9948055744171143,0.009900990099009901
13,98,False,0.9933368532106772,0.9924284523032968,0.32993030548095703,1.4174630850887646,438.7490327963108,0.1638643526782496,135,461,0.9953892230987549,0.9948055744171143,0.009900990099009901
13,99,False,0.9983318828876603,0.9973773922341228,0.3299667537212372,1.4058989365032803,438.7474531146785,0.1627258973598418,137,461,0.9953892230987549,0.9948055744171143,0.009900990099009901
14,0,False,0.9964841345700683,0.9958595389935775,0.33295831084251404,1.3961314631125874,428.2778904237374,0.15727106278893987,130,461,0.9679617285728455,0.9741140007972717,0.009900990099009901
14,1,False,0.9960279339915595,0.994934900995627,0.33299747109413147,1.3991536994989744,428.286365462123,0.15777845264615475,130,461,0.9679617285728455,0.9741140007972717,0.009900990099009901
14,2,False,0.9976527614039963,0.9968526880651283,0.33307307958602905,1.3985425041014758,428.28918939163225,0.15809309911129532,130,461,0.9679617285728455,0.9741140007972717,0.009900990099009901
14,3,False,0.9973300684358001,0.9970641756375948,0.3329612910747528,1.3954471573836034,428.2894753105952,0.15684992163498304,128,461,0.9679617285728455,0.9741140007972717,0.009900990099009901
14,4,False,0.9984167648491498,0.9980340887629069,0.3330009877681732,1.3946114374741805,428.29124664050903,0.1574290841230193,128,461,0.9679617285728455,0.9741140007972717,0.009900990099009901
14,5,True,1.0,1.0,0.3330327868461609,1.3958013204132045,428.3010609732396,0.1571095593656016,128,461,0.9679617285728455,0.9741140007972717,0.009900990099009901
14,6,False,0.9344541864369629,0.9497177804197214,0.3363153040409088,1.6219744904649882,427.609658235832,0.1723454275366993,135,455,0.9679617285728455,0.9741140007972717,0.009900990099009901
14,7,False,0.9347208509130738,0.9488242941635731,0.3365643620491028,1.6212806264136816,427.5966705625934,0.17429394886673133,135,457,0.9679617285728455,0.9741140007972717,0.009900990099009901
14,8,False,0.9968448405895726,0.9959263681384797,0.3329524099826813,1.3989114325220622,428.2997873424467,0.15707165412459154,128,461,0.9679617285728455,0.9741140007972717,0.009900990099009901
14,9,False,0.9973300684358001,0.9970641756375948,0.3329612910747528,1.3954471573836034,428.28947531059515,0.15684992163498296,128,461,0.9679617285728455,0.9741140007972717,0.009900990099009901
14,10,False,0.997150869656525,0.9960014437146446,0.33296775817871094,1.3943347182355226,428.28293739779735,0.15750289931040107,128,461,0.9679617285728455,0.9741140007972717,0.009900990099009901
14,11,False,0.9318072719825579,0.945788258766289,0.3346601128578186,1.6318360587895278,426.0068626228932,0.16297389035785323,147,452,0.9679617285728455,0.9741140007972717,0.009900990099009901
14,12,False,0.9963433447325153,0.9954005231450871,0.33292314410209656,1.395742891259976,428.2694329820212,0.1575734098223617,130,461,0.9679617285728455,0.9741140007972717,0.009900990099009901
14,13,False,0.9964841345700683,0.9958595389935776,0.33295831084251404,1.3961314631125876,428.2778904237374,0.15727106278893985,130,461,0.9679617285728455,0.9741140007972717,0.009900990099009901
14,14,False,0.999154580819487,0.9987951741018121,0.33302929997444153,1.3964957517456733,428.28947570427596,0.15753064464635955,130,461,0.9679617285728455,0.9741140007972717,0.009900990099009901
14,15,False,0.9974724059377136,0.9966589237908983,0.33305543661117554,1.3952010681594378,428.2811056036519,0.1579110793048209,130,461,0.9679617285728455,0.9741140007972717,0.009900990099009901
14,16,False,0.9961277541308473,0.9956198603434664,0.33296340703964233,1.3950805464859963,428.2859832591605,0.1569290855845023,128,461,0.9679617285728455,0.9741140007972717,0.009900990099009901
14,17,False,0.9958222798052682,0.9951257565512237,0.3330320417881012,1.394871819183828,428.27511961751065,0.15766972338865337,130,461,0.9679617285728455,0.9741140007972717,0.009900990099009901
14,18,False,0.9992120286316281,0.9986576017420045,0.33304649591445923,1.394862026201068,428.2900485635641,0.15741245563053638,128,461,0.9679617285728455,0.9741140007972717,0.009900990099009901
14,19,False,0.9995203218733559,0.999307974039191,0.3330571949481964,1.3948733668623408,428.29618271466865,0.1574108926827249,128,461,0.9679617285728455,0.9741140007972717,0.009900990099009901
14,20,False,0.999154580819487,0.998795174101812,0.33302929997444153,1.3964957517456733,428.28947570427596,0.15753064464635957,130,461,0.9679617285728455,0.9741140007972717,0.009900990099009901
14,21,False,0.9348474924726977,0.9501744885172813,0.33627569675445557,1.6217962297377748,427.61429524268357,0.17345243147029044,135,455,0.9679617285728455,0.9741140007972717,0.009900990099009901
14,22,False,0.995509150487214,0.9948939869143782,0.3329346179962158,1.3966368975240535,428.28486050596365,0.15693518588298824,128,461,0.9679617285728455,0.9741140007972717,0.009900990099009901
14,23,False,0.933258361614257,0.9478799969371645,0.33633342385292053,1.6222462047448754,427.6039557672032,0.17375614842483122,137,455,0.9679617285728455,0.9741140007972717,0.009900990099009901
14,24,False,0.9977819395808789,0.9970999621186847,0.3330567479133606,1.3973990135155598,428.27040331734503,0.15731763972002819,133,461,0.9679617285728455,0.9741140007972717,0.009900990099009901
14,25,False,0.9961277541308473,0.9956198603434664,0.33296340703964233,1.3950805464859966,428.2859832591606,0.15692908558450233,128,461,0.9679617285728455,0.9741140007972717,0.009900990099009901
14,26,False,0.9973300684358001,0.9970641756375948,0.3329612910747528,1.3954471573836034,428.2894753105952,0.15684992163498299,128,461,0.9679617285728455,0.9741140007972717,0.009900990099009901
14,27,False,0.999154580819487,0.9987951741018121,0.33302929997444153,1.3964957517456733,428.289475704276,0.1575306446463596,130,461,0.9679617285728455,0.9741140007972717,0.009900990099009901
14,28,False,0.9335107611755001,0.9483799383308523,0.33636051416397095,1.6223594001668764,427.6083855117278,0.17317781580135969,136,455,0.9679617285728455,0.9741140007972717,0.009900990099009901
14,29,False,0.9978765640502952,0.9973310017481438,0.33301034569740295,1.3986723398406802,428.3031188426059,0.15735995548026294,128,461,0.9679617285728455,0.9741140007972717,0.009900990099009901
14,30,False,0.933397303881427,0.9483138613243584,0.3363202214241028,1.6218733933698481,427.6117204631373,0.17232462030377702,134,455,0.9679617285728455,0.9741140007972717,0.009900990099009901
14,31,False,0.9981235744743141,0.9973910422481088,0.3329717516899109,1.3967459339110297,428.2856592798461,0.1572434592116595,130,461,0.9679617285728455,0.9741140007972717,0.009900990099009901
14,32,False,0.9987978018817051,0.9985556584291639,0.3330349624156952,1.3954343524933452,428.2975688066254,0.15718870812475133,128,461,0.9679617285728455,0.9741140007972717,0.009900990099009901
14,33,False,0.9970921903901373,0.9961399378202602,0.332964152097702,1.3977781248592778,428.29215139383075,0.1576670823890382,128,461,0.9679617285728455,0.9741140007972717,0.009900990099009901
14,34,False,0.996715617883894,0.9959145574387117,0.33289656043052673,1.3953962347311177,428.2784713894044,0.15685809342328855,128,461,0.9679617285728455,0.9741140007972717,0.009900990099009901
14,35,False,0.9342297473308981,0.9494564579813828,0.33635610342025757,1.6221316511795592,427.6096945505597,0.17228728015343533,135,455,0.9679617285728455,0.9741140007972717,0.009900990099009901
14,36,False,0.9989692991620687,0.9985957334273591,0.33297479152679443,1.3960529438004017,428.2972444229357,0.1568223513864709,128,461,0.9679617285728455,0.9741140007972717,0.009900990099009901
14,37,False,0.9993801326206994,0.9992739936340694,0.3330044150352478,1.397341538591835,428.3008612945516,0.1571158295777359,128,461,0.9679617285728455,0.9741140007972717,0.009900990099009901
14,38,False,0.9340273120723367,0.9491438285150667,0.33638209104537964,1.6223303716694488,427.60834465055234,0.17272475554796582,136,455,0.9679617285728455,0.9741140007972717,0.009900990099009901
14,39,False,0.9977669043685018,0.9971514574137346,0.33297696709632874,1.3956859133025918,428.2937522942641,0.15690150956815285,128,461,0.9679617285728455,0.9741140007972717,0.009900990099009901
14,40,False,0.998060302891637,0.9969536190728195,0.33299073576927185,1.3954579846453894,428.2763699239707,0.15783580096180544,130,461,0.9679617285728455,0.9741140007972717,0.009900990099009901
14,41,False,0.996920780164584,0.9959469114526331,0.33297401666641235,1.3963794562943137,428.2821672663483,0.15732258999492243,130,461,0.9679617285728455,0.9741140007972717,0.009900990099009901
14,42,False,0.9942262327305236,0.9932835518710362,0.3330017328262329,1.4022833244105597,428.27944598912103,0.15843881176379998,130,461,0.9679617285728455,0.9741140007972717,0.009900990099009901
14,43,False,0.9977669043685018,0.9971514574137346,0.33297696709632874,1.3956859133025918,428.29375229426427,0.15690150956815288,128,461,0.9679617285728455,0.9741140007972717,0.009900990099009901
14,44,False,0.9973300684358001,0.9970641756375948,0.3329612910747528,1.3954471573836031,428.2894753105952,0.15684992163498296,128,461,0.9679617285728455,0.9741140007972717,0.009900990099009901
14,45,False,0.9340468769798712,0.9490433064097386,0.33630990982055664,1.6218706400260905,427.61285567999784,0.17252423696370597,134,455,0.9679617285728455,0.9741140007972717,0.009900990099009901
14,46,False,0.996726242305882,0.9963415983911902,0.3329533040523529,1.3957622693537082,428.2886186919262,0.15690470516829857,128,461,0.9679617285728455,0.9741140007972717,0.009900990099009901
14,47,False,0.9945366371293465,0.9939346266611258,0.33299463987350464,1.4022716351026319,428.28109971797966,0.15844179490794139,130,461,0.9679617285728455,0.9741140007972717,0.009900990099009901
14,48,False,0.999154580819487,0.9987951741018121,0.33302929997444153,1.3964957517456733,428.28947570427596,0.15753064464635957,130,461,0.9679617285728455,0.9741140007972717,0.009900990099009901
14,49,False,0.9950704378271877,0.9944876102480321,0.3330051302909851,1.4015972149073472,428.28964556703573,0.1580190075029454,128,461,0.9679617285728455,0.9741140007972717,0.009900990099009901
14,50,False,0.935351892835748,0.9500154422081517,0.3363620340824127,1.6212156747070596,427.61190720023575,0.17434795559394492,134,457,0.9679617285728455,0.9741140007972717,0.009900990099009901
14,51,False,0.9989058887847507,0.9981583391926998,0.33299383521080017,1.3947635533129203,428.2879547606796,0.1574147320035976,128,461,0.9679617285728455,0.9741140007972717,0.009900990099009901
14,52,False,0.9349425899264043,0.9499405299655738,0.3363822400569916,1.6219212730982766,427.6075101208454,0.17382408645775793,135,456,0.9679617285728455,0.9741140007972717,0.009900990099009901
14,53,False,0.9340468769798712,0.9490433064097388,0.33630990982055664,1.6218706400260903,427.61285567999784,0.1725242369637059,134,455,0.9679617285728455,0.9741140007972717,0.009900990099009901
14,54,False,0.9986025744717362,0.9980829002554452,0.3330015242099762,1.3964333190517297,428.2881154318805,0.15753962173129007,130,461,0.9679617285728455,0.9741140007972717,0.009900990099009901
14,55,False,0.9340273120723367,0.9491438285150667,0.33638209104537964,1.6223303716694488,427.60834465055217,0.1727247555479658,136,455,0.9679617285728455,0.9741140007972717,0.009900990099009901
14,56,False,0.9331562130994161,0.9479396400897342,0.3363809883594513,1.6224123627908233,427.6062800605419,0.17284013328747194,136,455,0.9679617285728455,0.9741140007972717,0.009900990099009901
14,57,False,0.9344541864369629,0.9497177804197214,0.3363153040409088,1.621974490464988,427.6096582358321,0.17234542753669932,135,455,0.9679617285728455,0.9741140007972717,0.009900990099009901
14,58,False,0.9966718908955203,0.9960866328866693,0.33295854926109314,1.3953533624116752,428.28761193816865,0.15691975195377522,128,461,0.9679617285728455,0.9741140007972717,0.009900990099009901
14,59,False,0.934702551409977,0.949285909515029,0.33637264370918274,1.6212179936888478,427.6108968241697,0.17414697325591522,134,457,0.9679617285728455,0.9741140007972717,0.009900990099009901
14,60,False,0.9973221848198356,0.997062673750079,0.33301424980163574,1.3942013375805902,428.2878981060422,0.15744784114287846,128,461,0.9679617285728455,0.9741140007972717,0.009900990099009901
14,61,False,0.9348479803976021,0.9498568776192824,0.33630135655403137,1.6202184840262064,427.6114721309205,0.17323172993659067,135,456,0.9679617285728455,0.9741140007972717,0.009900990099009901
14,62,False,0.9968629747968665,0.996085312310045,0.3330235779285431,1.3984105627368184,428.2901795565276,0.15808310026529654,130,461,0.9679617285728455,0.9741140007972717,0.009900990099009901
14,63,False,0.9952814208361455,0.994415368927238,0.33296045660972595,1.3957654050960744,428.27439848747264,0.15735019933554095,130,461,0.9679617285728455,0.9741140007972717,0.009900990099009901
14,64,False,0.9982458918327227,0.9978433428511858,0.33300724625587463,1.3953733359249096,428.29620850288893,0.15719767638136567,128,461,0.9679617285728455,0.9741140007972717,0.009900990099009901
14,65,False,0.9340468769798712,0.9490433064097386,0.33630990982055664,1.6218706400260905,427.61285567999784,0.17252423696370592,134,455,0.9679617285728455,0.9741140007972717,0.009900990099009901
14,66,False,0.9957682569498917,0.9952588616243475,0.3330240547657013,1.3978394885017191,428.2816900510529,0.15813184236687453,130,461,0.9679617285728455,0.9741140007972717,0.009900990099009901
14,67,False,0.9979519832945482,0.9973509777607107,0.3330315053462982,1.3961293367069076,428.2859836528373,0.15760976600833537,130,461,0.9679617285728455,0.9741140007972717,0.009900990099009901
14,68,False,0.9995203218733559,0.9993079740391909,0.3330571949481964,1.3948733668623403,428.29618271466865,0.15741089268272493,128,461,0.9679617285728455,0.9741140007972717,0.009900990099009901
14,69,False,0.9953294296983631,0.9947022056274524,0.33305874466896057,1.4005060569493974,428.2785386225762,0.15873294250972883,130,461,0.9679617285728455,0.9741140007972717,0.009900990099009901
14,70,False,1.0,1.0,0.3330327868461609,1.3958013204132045,428.3010609732396,0.15710955936560161,128,461,0.9679617285728455,0.9741140007972717,0.009900990099009901
14,71,False,0.9340468769798712,0.9490433064097388,0.33630990982055664,1.6218706400260905,427.61285567999795,0.17252423696370595,134,455,0.9679617285728455,0.9741140007972717,0.009900990099009901
14,72,False,0.9344407839813555,0.9491823430802474,0.3362959027290344,1.620114261607437,427.61466959161396,0.17341061831137106,134,456,0.9679617285728455,0.9741140007972717,0.009900990099009901
14,73,False,0.9973300684358001,0.9970641756375949,0.3329612910747528,1.3954471573836034,428.2894753105952,0.15684992163498304,128,461,0.9679617285728455,0.9741140007972717,0.009900990099009901
14,74,False,0.9327515132025509,0.9470063660828322,0.3364086151123047,1.6244374987504453,427.6008915816054,0.17326363060374145,138,455,0.9679617285728455,0.9741140007972717,0.009900990099009901
14,75,False,0.9947066495978525,0.9939756788145472,0.33303147554397583,1.4019838484709786,428.28141704990367,0.15873615151982245,130,461,0.9679617285728455,0.9741140007972717,0.009900990099009901
14,76,False,0.9941080381525658,0.9932542822635789,0.33302369713783264,1.4023164876042191,428.28048833949106,0.15879344473431764,130,461,0.9679617285728455,0.9741140007972717,0.009900990099009901
14,77,False,0.9958620509980028,0.9947083340235953,0.33294740319252014,1.3947758297601542,428.268085782623,0.15787279436640206,130,461,0.9679617285728455,0.9741140007972717,0.009900990099009901
14,78,False,0.9344541864369629,0.9497177804197214,0.3363153040409088,1.6219744904649886,427.6096582358321,0.17234542753669932,135,455,0.9679617285728455,0.9741140007972717,0.009900990099009901
14,79,False,0.9977037059121496,0.9967139985900357,0.3329959213733673,1.3943962703964556,428.28446272436156,0.157493872185044,128,461,0.9679617285728455,0.9741140007972717,0.009900990099009901
14,80,False,0.9975711979033663,0.9968293286036781,0.3329969048500061,1.3953005018205515,428.27966169523165,0.1578501789827837,130,461,0.9679617285728455,0.9741140007972717,0.009900990099009901
14,81,False,0.9973300684358001,0.9970641756375948,0.3329612910747528,1.3954471573836034,428.28947531059515,0.15684992163498296,128,461,0.9679617285728455,0.9741140007972717,0.009900990099009901
14,82,False,0.9340468769798712,0.9490433064097388,0.33630990982055664,1.6218706400260903,427.6128556799977,0.17252423696370595,134,455,0.9679617285728455,0.9741140007972717,0.009900990099009901
14,83,False,0.9344541864369629,0.9497177804197211,0.3363153040409088,1.6219744904649882,427.6096582358321,0.17234542753669932,135,455,0.9679617285728455,0.9741140007972717,0.009900990099009901
14,84,False,0.9341977629490478,0.949445056830681,0.3362862467765808,1.6217982771588673,427.613284859742,0.1732514887657386,135,455,0.9679617285728455,0.9741140007972717,0.009900990099009901
14,85,False,0.933397303881427,0.9483138613243584,0.3363202214241028,1.621873393369848,427.6117204631373,0.17232462030377704,134,455,0.9679617285728455,0.9741140007972717,0.009900990099009901
14,86,False,0.9986025744717362,0.998082900255445,0.3330015242099762,1.3964333190517297,428.28811543188056,0.15753962173129007,130,461,0.9679617285728455,0.9741140007972717,0.009900990099009901
14,87,False,0.9587163583323607,0.9663579479259898,0.3326531648635864,1.3387150346300163,426.6593355276221,0.16093814271678833,129,463,0.9679617285728455,0.9741140007972717,0.009900990099009901
14,88,False,0.9952814208361455,0.9944153689272379,0.33296045660972595,1.3957654050960746,428.27439848747264,0.15735019933554095,130,461,0.9679617285728455,0.9741140007972717,0.009900990099009901
14,89,False,0.9340468769798712,0.9490433064097386,0.33630990982055664,1.6218706400260905,427.61285567999795,0.1725242369637059,134,455,0.9679617285728455,0.9741140007972717,0.009900990099009901
14,90,False,0.9964841345700683,0.9958595389935775,0.33295831084251404,1.3961314631125874,428.27789042373746,0.15727106278893982,130,461,0.9679617285728455,0.9741140007972717,0.009900990099009901
14,91,False,0.9995203218733559,0.9993079740391909,0.3330571949481964,1.3948733668623403,428.29618271466853,0.1574108926827249,128,461,0.9679617285728455,0.9741140007972717,0.009900990099009901
14,92,False,0.998060302891637,0.9969536190728193,0.33299073576927185,1.3954579846453892,428.2763699239707,0.15783580096180538,130,461,0.9679617285728455,0.9741140007972717,0.009900990099009901
14,93,False,0.933397303881427,0.9483138613243586,0.3363202214241028,1.621873393369848,427.6117204631373,0.17232462030377702,134,455,0.9679617285728455,0.9741140007972717,0.009900990099009901
14,94,False,0.9964841345700683,0.9958595389935775,0.33295831084251404,1.3961314631125874,428.2778904237374,0.15727106278893985,130,461,0.9679617285728455,0.9741140007972717,0.009900990099009901
14,95,False,0.9973300684358001,0.9970641756375949,0.3329612910747528,1.3954471573836034,428.28947531059515,0.15684992163498299,128,461,0.9679617285728455,0.9741140007972717,0.009900990099009901
14,96,False,0.9344541864369629,0.9497177804197211,0.3363153040409088,1.6219744904649882,427.6096582358321,0.1723454275366993,135,455,0.9679617285728455,0.9741140007972717,0.009900990099009901
14,97,False,0.9940573952225301,0.993682715733633,0.3330191373825073,1.399509116034933,428.2803835099237,0.15804227709958255,128,461,0.9679617285728455,0.9741140007972717,0.009900990099009901
14,98,False,0.9331486532259612,0.9481194785469477,0.33618634939193726,1.6227897647162564,427.61238135896923,0.17355626800205995,133,455,0.9679617285728455,0.9741140007972717,0.009900990099009901
14,99,False,0.9987978018817051,0.9985556584291642,0.3330349624156952,1.3954343524933457,428.2975688066256,0.1571887081247513,128,461,0.9679617285728455,0.9741140007972717,0.009900990099009901
15,0,False,0.9955197177759566,0.9936787765536271,0.33952194452285767,1.5908687182781178,420.2274567903465,0.16878111087286052,130,455,0.9816731810569763,0.9845324158668518,0.009900990099009901
15,1,False,0.9994273438186762,0.9993056383391722,0.33955642580986023,1.5922214973827702,420.2386845478535,0.16727069456654653,128,454,0.9816731810569763,0.9845324158668518,0.009900990099009901
15,2,False,0.9941778475683758,0.9926377231251924,0.33961522579193115,1.5889685487368264,420.23060560916014,0.16918734793884277,128,457,0.9816731810569763,0.9845324158668518,0.009900990099009901
15,3,False,0.997448426081635,0.9966292596329034,0.33966225385665894,1.590939016545102,420.2435686319735,0.1675868507785725,128,455,0.9816731810569763,0.9845324158668518,0.009900990099009901
15,4,False,0.9986228475994513,0.9981506450109565,0.3395541310310364,1.592467671854123,420.2307025977777,0.16798432952979828,130,454,0.9816731810569763,0.9845324158668518,0.009900990099009901
15,5,False,0.9994274313446715,0.9993056826093062,0.3395405113697052,1.5921420347703175,420.23359297904017,0.16728872696289013,128,454,0.9816731810569763,0.9845324158668518,0.009900990099009901
15,6,False,0.998545485926869,0.9981301459033909,0.3395363688468933,1.5927022392623067,420.22624286054446,0.16769560439412523,130,454,0.9816731810569763,0.9845324158668518,0.009900990099009901
15,7,False,0.9994274313446715,0.9993056826093064,0.3395405113697052,1.5921420347703175,420.2335929790403,0.16728872696289013,128,454,0.9816731810569763,0.9845324158668518,0.009900990099009901
15,8,False,0.9982261626196666,0.9974966215176063,0.3394846022129059,1.5926431439640822,420.2239889453946,0.16770042887297468,130,454,0.9816731810569763,0.9845324158668518,0.009900990099009901
15,9,False,0.9957682852367694,0.9941509252597787,0.3395283818244934,1.590912606743254,420.2269339464123,0.16826686976345567,130,455,0.9816731810569763,0.9845324158668518,0.009900990099009901
15,10,False,0.9396253363981751,0.9567497371417514,0.33435675501823425,1.3745999890756428,416.4701514452933,0.15654229455741236,107,461,0.9816731810569763,0.9845324158668518,0.009900990099009901
15,11,False,0.997472235904371,0.9969663966990057,0.33964988589286804,1.589603608072726,420.2252789873854,0.16763112861527052,128,454,0.9816731810569763,0.9845324158668518,0.009900990099009901
15,12,False,0.9988708307280708,0.9982074162104069,0.339498370885849,1.5918437710542561,420.2376992086383,0.16758565911528106,128,454,0.9816731810569763,0.9845324158668518,0.009900990099009901
15,13,False,0.998545485926869,0.9981301459033906,0.3395363688468933,1.5927022392623067,420.22624286054435,0.1676956043941252,130,454,0.9816731810569763,0.9845324158668518,0.009900990099009901
15,14,False,0.9605780026858488,0.9662540705887067,0.3347429931163788,1.505486460580373,418.5086945059881,0.16334568284817944,130,460,0.9816731810569763,0.9845324158668518,0.009900990099009901
15,15,False,0.998299300219004,0.9975132436572964,0.3395236134529114,1.5918750237443395,420.2397103471971,0.16757665509656933,128,454,0.9816731810569763,0.9845324158668518,0.009900990099009901
15,16,False,0.9978567919269586,0.9968492117753363,0.3395276367664337,1.591636145932089,420.2325992408262,0.1673069622726616,128,454,0.9816731810569763,0.9845324158668518,0.009900990099009901
15,17,False,0.9994274313446715,0.9993056826093062,0.3395405113697052,1.5921420347703177,420.2335929790402,0.16728872696289013,128,454,0.9816731810569763,0.9845324158668518,0.009900990099009901
15,18,False,0.9991181325794006,0.9988244309785731,0.33952754735946655,1.5927512794761078,420.2294855591064,0.16768650453091383,130,454,0.9816731810569763,0.9845324158668518,0.009900990099009901
15,19,False,0.9987910451367485,0.9981861669827239,0.33949533104896545,1.5921682812672244,420.23590847550025,0.16728105699806992,128,454,0.9816731810569763,0.9845324158668518,0.009900990099009901
15,20,False,0.9980511576670783,0.9974565231033605,0.33957934379577637,1.5924989245442063,420.2327136946325,0.1679753158479211,130,454,0.9816731810569763,0.9845324158668518,0.009900990099009901
15,21,False,0.9994274313446715,0.9993056826093064,0.3395405113697052,1.5921420347703175,420.2335929790402,0.16728872696289018,128,454,0.9816731810569763,0.9845324158668518,0.009900990099009901
15,22,False,0.9938567298056699,0.9920032680160235,0.33962228894233704,1.5889656617481074,420.2262802976553,0.16918396148327178,128,457,0.9816731810569763,0.9845324158668518,0.009900990099009901
15,23,False,0.9977329661653449,0.9968233667046258,0.3395279049873352,1.5924345797804202,420.23124727715646,0.16797905565941534,130,454,0.9816731810569763,0.9845324158668518,0.009900990099009901
15,24,False,0.9988708307280708,0.9982074162104068,0.339498370885849,1.5918437710542561,420.23769920863816,0.16758565911528112,128,454,0.9816731810569763,0.9845324158668518,0.009900990099009901
15,25,False,0.9994274313446715,0.9993056826093064,0.3395405113697052,1.5921420347703177,420.2335929790402,0.16728872696289013,128,454,0.9816731810569763,0.9845324158668518,0.009900990099009901
15,26,False,0.9946157739714998,0.9924969564534499,0.33955854177474976,1.591363216389827,420.2306117933846,0.1695592004890582,130,455,0.9816731810569763,0.9845324158668518,0.009900990099009901
15,27,False,0.9951254832244767,0.9931711523055082,0.3396052122116089,1.5916172237366262,420.23119783005336,0.16947125892269654,130,455,0.9816731810569763,0.9845324158668518,0.009900990099009901
15,28,False,0.9580581276536636,0.9632116603254033,0.33471184968948364,1.504735404512527,418.4930756771345,0.16307373951772772,130,460,0.9816731810569763,0.9845324158668518,0.009900990099009901
15,29,False,0.9994274313446715,0.9993056826093064,0.3395405113697052,1.5921420347703177,420.2335929790403,0.16728872696289013,128,454,0.9816731810569763,0.9845324158668518,0.009900990099009901
15,30,False,0.9947874989286476,0.9929691593835719,0.33955779671669006,1.5860037600203714,420.2311009083602,0.16784226416773784,128,456,0.9816731810569763,0.9845324158668518,0.009900990099009901
15,31,False,0.9605780026858488,0.9662540705887068,0.3347429931163788,1.5054864605803728,418.50869450598805,0.16334568284817932,130,460,0.9816731810569763,0.9845324158668518,0.009900990099009901
15,32,False,0.9588280127352024,0.9639718004516625,0.3347826600074768,1.5060022785012903,418.4888196309373,0.16313333080293693,133,460,0.9816731810569763,0.9845324158668518,0.009900990099009901
15,33,False,0.9995047152510946,0.9993262075233729,0.3395586907863617,1.5919074673621332,420.23805281342806,0.167577473394855,128,454,0.9816731810569763,0.9845324158668518,0.009900990099009901
15,34,False,0.9963127918277492,0.9949797605429126,0.3396088182926178,1.5915181264695326,420.22517124024967,0.16841983481750392,130,455,0.9816731810569763,0.9845324158668518,0.009900990099009901
15,35,False,0.9994274313446715,0.9993056826093064,0.3395405113697052,1.5921420347703175,420.2335929790403,0.16728872696289018,128,454,0.9816731810569763,0.9845324158668518,0.009900990099009901
15,36,False,0.9994274313446715,0.9993056826093064,0.3395405113697052,1.5921420347703177,420.2335929790402,0.16728872696289013,128,454,0.9816731810569763,0.9845324158668518,0.009900990099009901
15,37,False,0.9988708307280708,0.9982074162104068,0.339498370885849,1.5918437710542561,420.2376992086383,0.16758565911528103,128,454,0.9816731810569763,0.9845324158668518,0.009900990099009901
15,38,False,0.9917635623470393,0.9892055619024602,0.3395746350288391,1.5906981865010648,420.2040770094385,0.1695345101509878,134,456,0.9816731810569763,0.9845324158668518,0.009900990099009901
15,39,False,0.9994274313446715,0.9993056826093064,0.3395405113697052,1.5921420347703175,420.2335929790402,0.16728872696289018,128,454,0.9816731810569763,0.9845324158668518,0.009900990099009901
15,40,False,0.998299300219004,0.9975132436572963,0.3395236134529114,1.5918750237443395,420.239710347197,0.1675766550965693,128,454,0.9816731810569763,0.9845324158668518,0.009900990099009901
15,41,False,0.9977551803646875,0.9968258768271817,0.3395235240459442,1.5921780433574504,420.22604021040456,0.16825728374777343,130,454,0.9816731810569763,0.9845324158668518,0.009900990099009901
15,42,False,0.937289690981782,0.9541994379911719,0.33425015211105347,1.3762933883437354,416.4517735851598,0.15670440100269936,107,461,0.9816731810569763,0.9845324158668518,0.009900990099009901
15,43,False,0.9967920432726607,0.9955144129826443,0.33943629264831543,1.5923456064812336,420.22046366249157,0.16799449205129388,130,454,0.9816731810569763,0.9845324158668518,0.009900990099009901
15,44,False,0.9982637588396396,0.9979374229623745,0.33960193395614624,1.5911017329236534,420.23917366203693,0.16720892667749726,128,455,0.9816731810569763,0.9845324158668518,0.009900990099009901
15,45,False,0.9983046837378174,0.99751747638542,0.3395026624202728,1.5924033270903368,420.229236189042,0.16798806940878044,130,454,0.9816731810569763,0.9845324158668518,0.009900990099009901
15,46,False,0.9743250073809304,0.9763039249361845,0.33669590950012207,1.5835919622057886,418.44695741627396,0.16630919507601935,130,457,0.9816731810569763,0.9845324158668518,0.009900990099009901
15,47,False,0.9960994793199099,0.9943694398374838,0.3396766781806946,1.5917060101451626,420.23365738715046,0.16891875461995173,128,455,0.9816731810569763,0.9845324158668518,0.009900990099009901
15,48,False,0.9979542113978672,0.9974562491733447,0.33958902955055237,1.5917109541444177,420.23506617416575,0.16760678014490168,130,455,0.9816731810569763,0.9845324158668518,0.009900990099009901
15,49,False,0.9994274313446715,0.9993056826093064,0.3395405113697052,1.592142034770317,420.2335929790402,0.16728872696289018,128,454,0.9816731810569763,0.9845324158668518,0.009900990099009901
15,50,False,0.9952281555164425,0.9936089745890744,0.33972737193107605,1.5934830009214525,420.2321308124227,0.16937867582692898,130,455,0.9816731810569763,0.9845324158668518,0.009900990099009901
15,51,False,0.9995047152510946,0.9993262075233729,0.3395586907863617,1.5919074673621336,420.23805281342794,0.167577473394855,128,454,0.9816731810569763,0.9845324158668518,0.009900990099009901
15,52,False,0.9948564548977122,0.99281665412083,0.33957645297050476,1.58913904326292,420.240379631554,0.16877495308228674,128,455,0.9816731810569763,0.9845324158668518,0.009900990099009901
15,53,False,0.9983410846567575,0.9979579217115117,0.3396202027797699,1.5908679304429647,420.24363357019143,0.16749771706058078,128,455,0.9816731810569763,0.9845324158668518,0.009900990099009901
15,54,False,0.9379112680733867,0.9548027738631409,0.3343638479709625,1.3736584136871275,416.4568972295947,0.15667003655242645,107,461,0.9816731810569763,0.9845324158668518,0.009900990099009901
15,55,False,0.996079085404163,0.9946321060898096,0.33952218294143677,1.5887144707861998,420.2336967974822,0.16794960319452007,128,455,0.9816731810569763,0.9845324158668518,0.009900990099009901
15,56,False,0.9956865410825173,0.9937120757526845,0.33961597084999084,1.5910572005945762,420.2342226431694,0.16906112238701285,128,455,0.9816731810569763,0.9845324158668518,0.009900990099009901
15,57,False,0.9384212739611235,0.9552432012742904,0.3343595564365387,1.3762334276990769,416.45836560489766,0.15725752986074726,107,461,0.9816731810569763,0.9845324158668518,0.009900990099009901
15,58,False,0.9964532960315758,0.9950125507036679,0.3395328223705292,1.5896353204979015,420.2331078947281,0.16808286188535168,130,455,0.9816731810569763,0.9845324158668518,0.009900990099009901
15,59,False,0.9994273438186762,0.9993056383391724,0.33955642580986023,1.5922214973827702,420.2386845478534,0.16727069456654656,128,454,0.9816731810569763,0.9845324158668518,0.009900990099009901
15,60,False,0.9988708307280708,0.9982074162104068,0.339498370885849,1.5918437710542561,420.2376992086382,0.16758565911528103,128,454,0.9816731810569763,0.9845324158668518,0.009900990099009901
15,61,False,0.9994274313446715,0.9993056826093062,0.3395405113697052,1.5921420347703177,420.23359297904034,0.1672887269628902,128,454,0.9816731810569763,0.9845324158668518,0.009900990099009901
15,62,True,1.0,1.0,0.33953163027763367,1.5921910749841186,420.2368357482437,0.16727963708035748,128,454,0.9816731810569763,0.9845324158668518,0.009900990099009901
15,63,False,0.9948367757537117,0.993126967551131,0.339571088552475,1.589250660345727,420.23445368541627,0.1691315288078824,128,456,0.9816731810569763,0.9845324158668518,0.009900990099009901
15,64,False,0.9940536927717101,0.9918289210947524,0.3395374119281769,1.5883324444727962,420.227070413381,0.16886741346543827,130,456,0.9816731810569763,0.9845324158668518,0.009900990099009901
15,65,False,0.9994273438186762,0.9993056383391724,0.33955642580986023,1.5922214973827702,420.2386845478534,0.16727069456654645,128,454,0.9816731810569763,0.9845324158668518,0.009900990099009901
15,66,False,0.9978196677021558,0.9972732217011874,0.3396480083465576,1.5913879566311306,420.2432164853568,0.16732667978438104,128,455,0.9816731810569763,0.9845324158668518,0.009900990099009901
15,67,False,0.9994274313446715,0.9993056826093062,0.3395405113697052,1.5921420347703175,420.2335929790401,0.16728872696289013,128,454,0.9816731810569763,0.9845324158668518,0.009900990099009901
15,68,False,0.9955384802834344,0.9938284791597262,0.3396659195423126,1.5922662204666405,420.2306325791022,0.1693288909876588,130,455,0.9816731810569763,0.9845324158668518,0.009900990099009901
15,69,False,0.9987912299181403,0.998186173567291,0.3394792675971985,1.5920888186547717,420.2308169485789,0.16729908982054356,128,454,0.9816731810569763,0.9845324158668518,0.009900990099009901
15,70,False,0.9385857490784261,0.955283822370591,0.3343314528465271,1.3766578776166933,416.46105784570557,0.15695851797214255,107,461,0.9816731810569763,0.9845324158668518,0.009900990099009901
15,71,False,0.9982637588396396,0.9979374229623745,0.33960193395614624,1.5911017329236536,420.2391736620369,0.16720892667749726,128,455,0.9816731810569763,0.9845324158668518,0.009900990099009901
15,72,False,0.9974170486964045,0.9963378420914092,0.33952027559280396,1.5924352282363288,420.2323600954381,0.1679834979544507,130,454,0.9816731810569763,0.9845324158668518,0.009900990099009901
15,73,False,0.9950558551718429,0.9930113335237206,0.33941441774368286,1.5894197599728566,420.2162603726667,0.16808525582314404,130,455,0.9816731810569763,0.9845324158668518,0.009900990099009901
15,74,False,0.9968877919559734,0.9960881743791534,0.33964091539382935,1.5914599699174636,420.2382943630856,0.16789563538764765,130,455,0.9816731810569763,0.9845324158668518,0.009900990099009901
15,75,False,0.9510511939562474,0.964100702818275,0.33737391233444214,1.5922742043204792,415.939222436684,0.17244431702158133,107,456,0.9816731810569763,0.9845324158668518,0.009900990099009901
15,76,False,0.9930665014774103,0.9904006515911458,0.33957192301750183,1.5923610149287806,420.20646615771324,0.16926940459323248,133,455,0.9816731810569763,0.9845324158668518,0.009900990099009901
15,77,False,0.9522900164371662,0.9652035328977984,0.3373328447341919,1.5929905563539428,415.93319157095607,0.17230692956649085,107,455,0.9816731810569763,0.9845324158668518,0.009900990099009901
15,78,False,0.9975579198022875,0.9963701372372861,0.3394995927810669,1.5941496777861823,420.2317391366444,0.1685981731001284,130,454,0.9816731810569763,0.9845324158668518,0.009900990099009901
15,79,False,0.998545485926869,0.9981301459033909,0.3395363688468933,1.5927022392623067,420.22624286054435,0.16769560439412523,130,454,0.9816731810569763,0.9845324158668518,0.009900990099009901
15,80,False,0.9958294531060923,0.9941597265086195,0.33952218294143677,1.5906945894898752,420.24428260508114,0.1683653410938756,128,455,0.9816731810569763,0.9845324158668518,0.009900990099009901
15,81,False,0.998545485926869,0.9981301459033907,0.3395363688468933,1.5927022392623065,420.22624286054446,0.16769560439412523,130,454,0.9816731810569763,0.9845324158668518,0.009900990099009901
15,82,False,0.952069542905881,0.9649000532523221,0.33726072311401367,1.5908802310096157,415.94369822092534,0.17168629449207895,107,455,0.9816731810569763,0.9845324158668518,0.009900990099009901
15,83,False,0.9972149576514718,0.9961631179492265,0.33947667479515076,1.5911150982873898,420.22938760474347,0.1677480319606779,130,455,0.9816731810569763,0.9845324158668518,0.009900990099009901
15,84,False,0.9986228475994513,0.9981506450109563,0.3395541310310364,1.592467671854123,420.2307025977776,0.1679843295297982,130,454,0.9816731810569763,0.9845324158668518,0.009900990099009901
15,85,False,0.9547444617598911,0.9669169381809247,0.33624759316444397,1.59946534084485,414.3599334878055,0.1617740514753983,107,455,0.9816731810569763,0.9845324158668518,0.009900990099009901
15,86,False,0.9979542113978672,0.997456249173345,0.33958902955055237,1.5917109541444177,420.2350661741657,0.1676067801449017,130,455,0.9816731810569763,0.9845324158668518,0.009900990099009901
15,87,False,0.958874055586758,0.9645190841550293,0.33473050594329834,1.5049103060887679,418.49734691292304,0.16337314196001856,130,460,0.9816731810569763,0.9845324158668518,0.009900990099009901
15,88,False,0.9974170486964045,0.9963378420914092,0.33952027559280396,1.5924352282363288,420.2323600954381,0.16798349795445067,130,454,0.9816731810569763,0.9845324158668518,0.009900990099009901
15,89,False,0.9994274313446715,0.9993056826093064,0.3395405113697052,1.5921420347703175,420.2335929790403,0.16728872696289013,128,454,0.9816731810569763,0.9845324158668518,0.009900990099009901
15,90,False,0.9521784231323294,0.9658637122347487,0.3373289704322815,1.5914255028870246,415.94175285891777,0.17160673835341658,107,457,0.9816731810569763,0.9845324158668518,0.009900990099009901
15,91,False,0.9931148709867327,0.991270001853323,0.3396660089492798,1.5887326736494332,420.22939668088856,0.16947849551040994,128,457,0.9816731810569763,0.9845324158668518,0.009900990099009901
15,92,False,0.9994274313446715,0.9993056826093062,0.3395405113697052,1.5921420347703175,420.23359297904034,0.16728872696289013,128,454,0.9816731810569763,0.9845324158668518,0.009900990099009901
15,93,False,0.959959142320971,0.9653824781300744,0.33468613028526306,1.5069880763085757,418.50473120175843,0.16319276103863334,128,460,0.9816731810569763,0.9845324158668518,0.009900990099009901
15,94,False,0.9596865637100351,0.9649259336368157,0.33477315306663513,1.5052823963721853,418.5086075216533,0.1633345357472183,130,460,0.9816731810569763,0.9845324158668518,0.009900990099009901
15,95,False,0.958874055586758,0.964519084155029,0.33473050594329834,1.5049103060887679,418.497346912923,0.16337314196001856,130,460,0.9816731810569763,0.9845324158668518,0.009900990099009901
15,96,False,0.9988742375946688,0.9982081566381037,0.3394894301891327,1.5914587907119908,420.2374427096741,0.16716360515126738,128,454,0.9816731810569763,0.9845324158668518,0.009900990099009901
15,97,False,0.9983046837378174,0.99751747638542,0.3395026624202728,1.592403327090337,420.22923618904207,0.16798806940878047,130,454,0.9816731810569763,0.9845324158668518,0.009900990099009901
15,98,False,0.9983814543916917,0.9975350142562993,0.3395172953605652,1.5911651246742609,420.2410822637025,0.16745927491789345,128,454,0.9816731810569763,0.9845324158668518,0.009900990099009901
15,99,False,0.9994274313446715,0.9993056826093064,0.3395405113697052,1.5921420347703177,420.23359297904017,0.16728872696289013,128,454,0.9816731810569763,0.9845324158668518,0.009900990099009901
16,0,False,0.9979609002691064,0.9973600879096906,0.3411846160888672,1.5691365533316917,411.0886787849062,0.16653222872662626,107,454,0.9670786261558533,0.976691722869873,0.009900990099009901
16,1,False,0.9980217053326875,0.9969537687738439,0.3411867618560791,1.565041847234395,411.09541478109,0.166887086911418,107,455,0.9670786261558533,0.976691722869873,0.009900990099009901
16,2,False,0.934181568768572,0.9596195112061777,0.32759594917297363,1.6097399721703316,405.1448273349479,0.18220171176915329,130,452,0.9670786261558533,0.976691722869873,0.009900990099009901
16,3,False,0.9973887957057453,0.9962789243392509,0.34115898609161377,1.5688567627478507,411.0927446705534,0.16682502903846833,107,454,0.9670786261558533,0.976691722869873,0.009900990099009901
16,4,False,0.9630545887817125,0.9732246590726118,0.33832666277885437,1.578136223150085,406.697185157661,0.16725698803117595,94,457,0.9670786261558533,0.976691722869873,0.009900990099009901
16,5,False,0.9351682673441081,0.9601281795888352,0.3276916444301605,1.61048110850207,405.1593593777741,0.18201621108617688,128,454,0.9670786261558533,0.976691722869873,0.009900990099009901
16,6,False,0.9966171040535126,0.9951309083629851,0.3410783112049103,1.5637609710667417,411.081238806477,0.1671558530938501,107,455,0.9670786261558533,0.976691722869873,0.009900990099009901
16,7,False,0.9612569061066478,0.9684731791047344,0.3362942636013031,1.4862444746712613,409.3581472300531,0.1617791900680081,107,460,0.9670786261558533,0.976691722869873,0.009900990099009901
16,8,False,0.9967722545400447,0.995574200015674,0.34114575386047363,1.5646721203079141,411.0948497786125,0.16682794772949122,107,455,0.9670786261558533,0.976691722869873,0.009900990099009901
16,9,False,0.996031095481913,0.9944492490892488,0.3411411643028259,1.5632670362621413,411.09369770440253,0.16674229673270458,107,455,0.9670786261558533,0.976691722869873,0.009900990099009901
16,10,False,0.9622115315293905,0.9698004303081816,0.33635950088500977,1.484342597432038,409.36775847234213,0.16151712758029374,107,460,0.9670786261558533,0.976691722869873,0.009900990099009901
16,11,False,0.9973470957156069,0.9963941496085247,0.3411627411842346,1.565453674998096,411.09694372173607,0.16672915795213306,107,455,0.9670786261558533,0.976691722869873,0.009900990099009901
16,12,False,0.9653502265755772,0.9765468444048466,0.3382842242717743,1.57989454430021,406.72644213216387,0.16516690218425698,92,454,0.9670786261558533,0.976691722869873,0.009900990099009901
16,13,False,0.9659401007534975,0.9772305626533414,0.3382645845413208,1.579866807449759,406.72463606549337,0.1651756772981147,92,454,0.9670786261558533,0.976691722869873,0.009900990099009901
16,14,False,0.9943657706922419,0.9933838296450146,0.3410836160182953,1.56587852568827,411.0600146146737,0.16557803581749458,107,452,0.9670786261558533,0.976691722869873,0.009900990099009901
16,15,False,0.9604732577759099,0.9673520540014835,0.3363521099090576,1.4845265008102588,409.3559516433414,0.16180980681183976,107,460,0.9670786261558533,0.976691722869873,0.009900990099009901
16,16,False,0.996981893120017,0.9956175575724161,0.3412374258041382,1.5651700103095574,411.0987104210443,0.16701631128312078,107,455,0.9670786261558533,0.976691722869873,0.009900990099009901
16,17,False,0.998040448562423,0.9973802529928532,0.3412106931209564,1.568915999932395,411.09309480122465,0.16681695212491468,107,454,0.9670786261558533,0.976691722869873,0.009900990099009901
16,18,False,0.9950575168818485,0.9939024884624487,0.34131473302841187,1.5662415970350692,411.0898125842284,0.16646851935980572,107,454,0.9670786261558533,0.976691722869873,0.009900990099009901
16,19,False,0.9968324290654537,0.9950357278229948,0.34127700328826904,1.5652548613912145,411.0895147100145,0.1670177966716136,107,455,0.9670786261558533,0.976691722869873,0.009900990099009901
16,20,False,0.963970754674289,0.9745863121163841,0.3383534252643585,1.5794875170392173,406.68151093123174,0.16728086265888584,94,456,0.9670786261558533,0.976691722869873,0.009900990099009901
16,21,False,0.9959886995416507,0.9940382751226491,0.3410814106464386,1.5655061447703549,411.0961629382632,0.16661031406999752,107,455,0.9670786261558533,0.976691722869873,0.009900990099009901
16,22,False,0.9976192599902656,0.9964580390303027,0.3411467969417572,1.5675323422736998,411.1001048537873,0.16660757653399216,107,455,0.9670786261558533,0.976691722869873,0.009900990099009901
16,23,False,0.994996285363397,0.9929203252717119,0.3411598205566406,1.5659506532329464,411.06896304269213,0.1670342108771864,107,455,0.9670786261558533,0.976691722869873,0.009900990099009901
16,24,False,0.9940914364063407,0.9927791867170463,0.34106191992759705,1.5657582488318764,411.0588640145415,0.165579725537172,106,452,0.9670786261558533,0.976691722869873,0.009900990099009901
16,25,False,0.9979609002691064,0.9973600879096904,0.3411846160888672,1.5691365533316914,411.0886787849062,0.16653222872662626,107,454,0.9670786261558533,0.976691722869873,0.009900990099009901
16,26,False,0.964048669620526,0.9749482910990447,0.3382607698440552,1.5785285470458583,406.69258706127556,0.16551958033094386,92,454,0.9670786261558533,0.976691722869873,0.009900990099009901
16,27,False,0.9967267863472171,0.995578821832139,0.34115728735923767,1.568628357198505,411.09876660179646,0.16611784196402243,107,454,0.9670786261558533,0.976691722869873,0.009900990099009901
16,28,False,0.9990309648907314,0.998278424228538,0.3411090672016144,1.5683351370722027,411.0892229379089,0.16671744358007023,107,455,0.9670786261558533,0.976691722869873,0.009900990099009901
16,29,False,0.9337038470815109,0.9588671811033125,0.3276527523994446,1.6086357274540526,405.1300291290471,0.1822537614314393,132,452,0.9670786261558533,0.976691722869873,0.009900990099009901
16,30,False,0.9967677239693917,0.9955713358126734,0.34118130803108215,1.5626749020541868,411.0933739041278,0.16723614649172935,107,455,0.9670786261558533,0.976691722869873,0.009900990099009901
16,31,False,0.9208620218277496,0.9652775756321978,0.31304487586021423,1.7049350804166228,402.154851195736,0.1646585742485807,128,312,0.9670786261558533,0.976691722869873,0.009900990099009901
16,32,False,0.9654372443491759,0.9765658906903959,0.33829012513160706,1.5795996993189447,406.7258249995488,0.16546964832946462,92,454,0.9670786261558533,0.976691722869873,0.009900990099009901
16,33,False,0.9972657465802193,0.9962316648665328,0.34115126729011536,1.5638676259743822,411.0957441459772,0.1671293006367957,107,455,0.9670786261558533,0.976691722869873,0.009900990099009901
16,34,False,0.9004514466631193,0.9348506672007147,0.32327479124069214,1.5381646624703174,403.4353286914697,0.17807963090696527,133,460,0.9670786261558533,0.976691722869873,0.009900990099009901
16,35,False,0.9346733363363885,0.95946539540665,0.3276958465576172,1.609618831600959,405.1560128694543,0.18216104211444523,128,454,0.9670786261558533,0.976691722869873,0.009900990099009901
16,36,False,0.9331800966619009,0.9581864991856575,0.32756465673446655,1.607719110040476,405.13211088099933,0.18200127964182183,128,452,0.9670786261558533,0.976691722869873,0.009900990099009901
16,37,False,0.9964835095331122,0.9951212073606044,0.3411608040332794,1.5683301396645208,411.10002282454514,0.16642362462729787,107,454,0.9670786261558533,0.976691722869873,0.009900990099009901
16,38,False,0.9961826887179611,0.9948900105009607,0.3411707878112793,1.563164696431065,411.0947206836338,0.16691857378646854,107,455,0.9670786261558533,0.976691722869873,0.009900990099009901
16,39,False,0.9961951113290892,0.994832337237293,0.34124550223350525,1.5661287731762024,411.086778282026,0.16624341332067558,107,455,0.9670786261558533,0.976691722869873,0.009900990099009901
16,40,False,0.9943657706922419,0.9933838296450143,0.3410836160182953,1.56587852568827,411.0600146146737,0.16557803581749458,107,452,0.9670786261558533,0.976691722869873,0.009900990099009901
16,41,False,0.9612327284418757,0.9684707580446814,0.3363006114959717,1.4854311602780728,409.378390773352,0.16107557837708242,106,460,0.9670786261558533,0.976691722869873,0.009900990099009901
16,42,False,0.9994115268212022,0.9993164165346935,0.34117764234542847,1.5663054209962337,411.0886499315969,0.1668288279510726,107,455,0.9670786261558533,0.976691722869873,0.009900990099009901
16,43,False,0.9961826887179611,0.9948900105009607,0.3411707878112793,1.563164696431065,411.09472068363374,0.16691857378646852,107,455,0.9670786261558533,0.976691722869873,0.009900990099009901
16,44,False,0.9952708581165978,0.9945415956005377,0.3410806953907013,1.5664034641092899,411.05273735849346,0.16597949592681657,107,452,0.9670786261558533,0.976691722869873,0.009900990099009901
16,45,False,0.9961200728400087,0.9944723300725012,0.3411627411842346,1.5621209685628976,411.0946036805738,0.1668402338952591,107,455,0.9670786261558533,0.976691722869873,0.009900990099009901
16,46,False,0.9937150837106319,0.9913489461677131,0.34118226170539856,1.562611227047905,411.09185365055095,0.16698344329659898,107,456,0.9670786261558533,0.976691722869873,0.009900990099009901
16,47,False,0.9335012164266423,0.9590623210234284,0.3277333080768585,1.6081538324798532,405.13525823641896,0.18197161277683235,128,452,0.9670786261558533,0.976691722869873,0.009900990099009901
16,48,False,0.9624061146779128,0.9702378514858427,0.336321085691452,1.4861139795694733,409.3717499581843,0.1614784199041636,107,460,0.9670786261558533,0.976691722869873,0.009900990099009901
16,49,False,0.9657435389665091,0.9770423416062174,0.3383055031299591,1.58015609859096,406.72060928937617,0.16586280069112228,92,454,0.9670786261558533,0.976691722869873,0.009900990099009901
16,50,False,0.966245480851452,0.977706751739777,0.33827993273735046,1.5804224234804436,406.71926179645675,0.16556890062368296,92,454,0.9670786261558533,0.976691722869873,0.009900990099009901
16,51,False,0.9589177196824861,0.9660811121064946,0.3362850546836853,1.4848494421302871,409.36549000443296,0.16080574564820957,107,460,0.9670786261558533,0.976691722869873,0.009900990099009901
16,52,False,0.9953571829095843,0.9937505491082669,0.34121647477149963,1.5619020217238306,411.09768956827605,0.16713062645636134,107,455,0.9670786261558533,0.976691722869873,0.009900990099009901
16,53,False,0.9965474836473619,0.9955392507124462,0.3412388861179352,1.5684182304324459,411.1023643894615,0.16640669486314108,107,454,0.9670786261558533,0.976691722869873,0.009900990099009901
16,54,False,0.9979605782000063,0.9973601088470332,0.3412008583545685,1.5692104564834475,411.09372032897375,0.166514486108193,107,454,0.9670786261558533,0.976691722869873,0.009900990099009901
16,55,False,0.9406167897585846,0.9602233211717264,0.331539511680603,1.629362739168106,403.54688880303354,0.16940908890513795,112,453,0.9670786261558533,0.976691722869873,0.009900990099009901
16,56,False,0.9983787678241833,0.9975795212273431,0.34117308259010315,1.5640867363932045,411.0941214887781,0.16705014948339877,107,455,0.9670786261558533,0.976691722869873,0.009900990099009901
16,57,False,0.9964502652391737,0.9950968713282261,0.34115850925445557,1.5621238414320844,411.09888666674823,0.16684358867513122,107,455,0.9670786261558533,0.976691722869873,0.009900990099009901
16,58,False,0.9964478320931143,0.9950961217292105,0.3411386013031006,1.5646720779341758,411.0959516918684,0.166832333171883,107,455,0.9670786261558533,0.976691722869873,0.009900990099009901
16,59,True,1.0,1.0,0.3411528468132019,1.5662761715869462,411.0868193248288,0.16683763620500863,107,455,0.9670786261558533,0.976691722869873,0.009900990099009901
16,60,False,0.9938576414322174,0.9927206340890301,0.3411351144313812,1.5656863672791892,411.0664214463819,0.1658539039067979,107,452,0.9670786261558533,0.976691722869873,0.009900990099009901
16,61,False,0.9970549457432272,0.9962025298124584,0.34120333194732666,1.5686838334001176,411.1009985048613,0.16611307680828355,107,454,0.9670786261558533,0.976691722869873,0.009900990099009901
16,62,False,0.9990964286348045,0.9986969894352299,0.3411704897880554,1.568338701383921,411.0887608112791,0.166716168811317,107,455,0.9670786261558533,0.976691722869873,0.009900990099009901
16,63,False,0.9620768618293511,0.9696130574857607,0.33632779121398926,1.4858343929413405,409.3710153442307,0.16147650195912797,107,460,0.9670786261558533,0.976691722869873,0.009900990099009901
16,64,False,0.9977037398676604,0.9967316690517811,0.34129598736763,1.5684744500328676,411.10016376029034,0.16656977707333423,107,455,0.9670786261558533,0.976691722869873,0.009900990099009901
16,65,False,0.9596701309752359,0.9747444687176869,0.3303277790546417,1.5589932134242535,403.52238569736215,0.16521391948649974,83,452,0.9670786261558533,0.976691722869873,0.009900990099009901
16,66,False,0.9647028930367259,0.9754432859320876,0.338209867477417,1.5797715382891044,406.718756385254,0.1651948442647876,92,454,0.9670786261558533,0.976691722869873,0.009900990099009901
16,67,False,0.9965754971961227,0.9951199780239026,0.34119337797164917,1.5657415972708177,411.1034183433707,0.16652357380040642,107,455,0.9670786261558533,0.976691722869873,0.009900990099009901
16,68,False,0.9943648807166264,0.9933839824160746,0.3410996198654175,1.5659518391268068,411.0650557131534,0.16556034315938797,107,452,0.9670786261558533,0.976691722869873,0.009900990099009901
16,69,False,0.9358512684750702,0.9466740875517982,0.33498650789260864,1.4987410385718243,402.64912640520276,0.16424778878322915,84,445,0.9670786261558533,0.976691722869873,0.009900990099009901
16,70,False,0.995809720514332,0.9938542527133439,0.3411729037761688,1.5643502097173205,411.1000250892539,0.1667061674670559,107,455,0.9670786261558533,0.976691722869873,0.009900990099009901
16,71,False,1.0,1.0,0.3411528468132019,1.5662761715869462,411.0868193248288,0.16683763620500863,107,455,0.9670786261558533,0.976691722869873,0.009900990099009901
16,72,False,0.9978543270089395,0.9969152192466255,0.34112638235092163,1.5638381977330273,411.09391349916467,0.16713811719025787,107,455,0.9670786261558533,0.976691722869873,0.009900990099009901
16,73,False,0.9362673891039006,0.961038846814992,0.32765766978263855,1.6090177944893571,405.1544728114295,0.18222550690722966,128,455,0.9670786261558533,0.976691722869873,0.009900990099009901
16,74,False,0.9586053847243625,0.9656032708294027,0.3362838327884674,1.4851549110461713,409.357074337745,0.16140156876820536,107,460,0.9670786261558533,0.976691722869873,0.009900990099009901
16,75,False,0.9335403159290114,0.9586746574892022,0.32793092727661133,1.609436708117599,405.13708881928284,0.1818570577661776,131,454,0.9670786261558533,0.976691722869873,0.009900990099009901
16,76,False,0.960590853558307,0.9677687863935126,0.3363516926765442,1.4853542342583632,409.3808668686492,0.16106310712500815,107,460,0.9670786261558533,0.976691722869873,0.009900990099009901
16,77,False,0.9354135572976118,0.9603124932551829,0.3278658390045166,1.6085669493817898,405.1521385458689,0.1828881762554038,131,455,0.9670786261558533,0.976691722869873,0.009900990099009901
16,78,False,0.9921895870266245,0.9900906930163966,0.34106525778770447,1.5669519115374086,411.03040168898633,0.1651309106823026,106,452,0.9670786261558533,0.976691722869873,0.009900990099009901
16,79,False,0.9954531534839773,0.9936518474298461,0.34117943048477173,1.5673325321084643,411.0981404561685,0.1663463272556782,107,455,0.9670786261558533,0.976691722869873,0.009900990099009901
16,80,False,0.9974528491354889,0.9966969218288405,0.3412359356880188,1.5689448535157755,411.09508618292136,0.16680809306370523,107,454,0.9670786261558533,0.976691722869873,0.009900990099009901
16,81,False,0.996385188110531,0.9952873339731757,0.3411535620689392,1.5645647852703624,411.0776273748815,0.1669309178165907,107,455,0.9670786261558533,0.976691722869873,0.009900990099009901
16,82,False,0.9979609002691064,0.9973600879096906,0.3411846160888672,1.5691365533316914,411.0886787849063,0.16653222872662626,107,454,0.9670786261558533,0.976691722869873,0.009900990099009901
16,83,False,0.9970554107087176,0.9962024704906098,0.34118717908859253,1.5686099302483618,411.09595684765225,0.16613080025213026,107,454,0.9670786261558533,0.976691722869873,0.009900990099009901
16,84,False,0.9979609002691064,0.9973600879096908,0.3411846160888672,1.5691365533316914,411.0886787849062,0.16653222872662626,107,454,0.9670786261558533,0.976691722869873,0.009900990099009901
16,85,False,0.960741990762566,0.9681775422049912,0.33639076352119446,1.485087816343374,409.34937002601635,0.16131032119974803,107,460,0.9670786261558533,0.976691722869873,0.009900990099009901
16,86,False,0.9633384870537217,0.974008380349089,0.3384004533290863,1.578262878654126,406.7122891279915,0.165593136574757,92,455,0.9670786261558533,0.976691722869873,0.009900990099009901
16,87,False,1.0,1.0,0.3411528468132019,1.5662761715869462,411.0868193248288,0.16683763620500863,107,455,0.9670786261558533,0.976691722869873,0.009900990099009901
16,88,False,0.9990962859754366,0.9986969660464218,0.3411869406700134,1.5684132097976948,411.0938023566217,0.16669841402340146,107,455,0.9670786261558533,0.976691722869873,0.009900990099009901
16,89,False,0.9965474836473619,0.9955392507124461,0.3412388861179352,1.5684182304324459,411.10236438946134,0.16640669486314108,107,454,0.9670786261558533,0.976691722869873,0.009900990099009901
16,90,False,0.9610229877380164,0.9752077474957328,0.33030956983566284,1.5620389938299306,403.5213400142604,0.16640309500388972,83,455,0.9670786261558533,0.976691722869873,0.009900990099009901
16,91,False,0.936507052890071,0.9609114364895344,0.3276715874671936,1.60770208355583,405.152089773329,0.18375848553442328,132,455,0.9670786261558533,0.976691722869873,0.009900990099009901
16,92,False,0.996991384242888,0.9956272161494409,0.34111833572387695,1.5658038218450985,411.0839763379393,0.1673591232010351,106,455,0.9670786261558533,0.976691722869873,0.009900990099009901
16,93,False,0.9979605782000063,0.997360108847033,0.3412008583545685,1.5692104564834475,411.0937203289738,0.166514486108193,107,454,0.9670786261558533,0.976691722869873,0.009900990099009901
16,94,False,0.9349862129841617,0.9598643809455851,0.3278651833534241,1.6069699565678752,405.14950111529356,0.18229012851577017,131,455,0.9670786261558533,0.976691722869873,0.009900990099009901
16,95,False,0.9970320100071622,0.9957746164823961,0.3411720395088196,1.5675616837186568,411.10209627852805,0.16659872080601557,107,455,0.9670786261558533,0.976691722869873,0.009900990099009901
16,96,False,0.9965474836473619,0.9955392507124461,0.3412388861179352,1.5684182304324457,411.10236438946134,0.16640669486314108,107,454,0.9670786261558533,0.976691722869873,0.009900990099009901
16,97,False,0.9668354406982392,0.9783904381238762,0.33826035261154175,1.5803946866299932,406.71745577004356,0.16557768522462135,92,454,0.9670786261558533,0.976691722869873,0.009900990099009901
16,98,False,0.9961574707352645,0.9944799794053117,0.3412472605705261,1.5643682495629128,411.10109877274715,0.16691966200816885,107,455,0.9670786261558533,0.976691722869873,0.009900990099009901
16,99,False,0.997164942921744,0.9964088382830926,0.34132155776023865,1.5667323741633576,411.08407970668407,0.1666258950300762,107,455,0.9670786261558533,0.976691722869873,0.009900990099009901
