candidate,family,method,representation,n_clusters,min_cluster_size,max_cluster_size,noise_fraction,source_nmi,silhouette_data_driven,davies_bouldin_data_driven,dbcv_data_driven,stability_ari_mean,ami_function,ami_material,ami_condition,ami_data_driven,semantic_concentration,semantic_mean_margin,semantic_name_coverage,semantic_permutation_pvalue,semantic_bh_qvalue,semantic_bh_reject_0_05
amf_balanced_adaptive,amf,amf,dinov2_multistage,12,38,1365,0.0,0.08635478397976455,0.18544046580791473,1.8664614334164222,,0.8816809300999532,0.6196771761284856,0.29471549185687274,0.30009848009990275,0.7101932044994906,1.5942592096914956,0.5984882553318553,0.5833333333333334,0.004975124378109453,0.004975124378109453,True
amf_balanced_uniform,amf,amf,dinov2_multistage,12,44,1501,0.0,0.16285549230904972,0.0988939106464386,2.0500533096631295,,1.0,0.514515116572525,0.24834004016464012,0.3104132156209264,0.6333210809047024,1.3896714840630773,0.4226544113774045,0.75,0.004975124378109453,0.004975124378109453,True
amf_divisive_literal_adaptive,amf,amf_divisive,dinov2_multistage,20,72,929,0.0,0.19093583160269262,0.07201296836137772,2.683680726087775,,,0.5349188573780214,0.29035563397429764,0.36807840618052867,0.628633240548745,1.9038038149696717,0.5389500160262584,0.55,0.004975124378109453,0.004975124378109453,True
amf_literal_adaptive,amf,amf,dinov2_multistage,12,105,594,0.0,0.18900357991576075,0.22475874423980713,1.7476387376275866,,0.9986413295940212,0.6384891028138461,0.33566514369703115,0.4113498396098045,0.749986215900094,2.1529411406249235,0.8133750541745101,0.9166666666666666,0.004975124378109453,0.004975124378109453,True
amf_literal_uniform,amf,amf,dinov2_multistage,12,170,545,0.0,0.1957364025599281,0.271772176027298,1.5271403189925836,,0.9982974833487016,0.701861681835029,0.3673417082742355,0.42948410265046405,0.8389594926942587,2.3402743137359088,0.9168602346408031,0.9166666666666666,0.004975124378109453,0.004975124378109453,True
canonical_condition,canonical,kmeans,condition,5,423,855,0.0,0.16899992478110448,0.0969967469573021,2.8402719846965203,,,0.36093156758928646,0.26802687425768584,1.0,0.4435199376542337,1.3766737282026345,0.35569646572327274,1.0,0.004975124378109453,0.004975124378109453,True
canonical_data_driven,canonical,kmeans,data_driven,12,237,457,0.0,0.16307202987856445,0.3050658404827118,1.4711119350052952,,,0.7807098123876934,0.4012543478561229,0.4435199376542343,1.0,2.474759199027077,0.9891371647050574,0.9166666666666666,0.004975124378109453,0.004975124378109453,True
canonical_function,canonical,kmeans,function,11,243,545,0.0,0.10726585886452017,0.25383639335632324,1.7010757148315228,,,1.0,0.40778615809378593,0.36093156758928807,0.780709812387693,2.4831244577139775,1.0649462654191577,1.0,0.004975124378109453,0.004975124378109453,True
canonical_material,canonical,kmeans,material,6,396,928,0.0,0.03303627723476295,0.07824106514453888,3.449158390040418,,,0.40778615809378554,1.0,0.26802687425768235,0.401254347856122,1.3975008789072092,0.08102255791517302,1.0,0.004975124378109453,0.004975124378109453,True
evidence_accumulation,existing_g0,evidence_accumulation,fused,12,222,452,0.0,0.15798614857930315,0.3004301190376282,1.5459273805497256,,,0.781068215057108,0.41668201033148006,0.4399395105814463,0.8981932955110464,2.507551747548843,1.0498304302781012,0.9166666666666666,0.004975124378109453,0.004975124378109453,True
gmm_diag_fused,existing_g0,gmm_diag,fused,12,184,1115,0.0,0.1456966183655684,0.2242165058851242,1.790271856652704,,,0.6614064903383016,0.38135398060484077,0.3948435325076265,0.7430829692083543,2.036959682597765,0.8038734460999494,0.9166666666666666,0.004975124378109453,0.004975124378109453,True
hdbscan_fused_mcs_120,existing_g0,hdbscan,fused,10,127,710,0.21151159541771444,0.12032764149175458,,,0.2922580128873019,,0.6733586391097968,0.3217408642852489,0.339954628713909,0.7326045466897607,2.335002132842593,0.9598697975203976,1.0,0.004975124378109453,0.004975124378109453,True
hdbscan_fused_mcs_40,existing_g0,hdbscan,fused,15,45,377,0.2942162615255658,0.14496118469572056,,,0.2762839343984503,,0.6415932822895937,0.32977870967177253,0.3735200919738293,0.6923665674266295,2.7028452715794433,1.1306838259183503,0.8666666666666667,0.004975124378109453,0.004975124378109453,True
hdbscan_fused_mcs_80,existing_g0,hdbscan,fused,10,127,710,0.21151159541771444,0.12032764149175458,,,0.2922580128873019,,0.6733586391097968,0.3217408642852489,0.339954628713909,0.7326045466897607,2.335002132842593,0.9598697975203976,1.0,0.004975124378109453,0.004975124378109453,True
kmeans_aimv2,existing_g0,kmeans,aimv2,12,199,477,0.0,0.1653881008209918,0.27570775151252747,1.6341886842366493,,0.959358926575506,0.6998172511748744,0.369806010564722,0.4281237878245036,0.8260102494316497,2.390610667506088,0.971458580381346,0.9166666666666666,0.004975124378109453,0.004975124378109453,True
kmeans_convnext,existing_g0,kmeans,convnext,12,228,463,0.0,0.1505320966038779,0.2797319293022156,1.66936273398359,,0.9972977503979576,0.7235796887098647,0.3731891232026271,0.41539129442874995,0.8458613408601001,2.3748544005582906,0.9298070747114887,0.9166666666666666,0.004975124378109453,0.004975124378109453,True
kmeans_dinov2,existing_g0,kmeans,dinov2,12,108,648,0.0,0.09687436758410112,0.25797051191329956,1.7715589278625998,,0.914857127153608,0.7170059850798377,0.36061348716980174,0.34308389659343147,0.774013940545835,2.1662268483395617,0.8149862038286481,0.8333333333333334,0.004975124378109453,0.004975124378109453,True
kmeans_dinov3,existing_g0,kmeans,dinov3,12,216,467,0.0,0.14629957104205796,0.28550055623054504,1.6482021710356012,,0.9964722018510092,0.7417061672952787,0.38821665003606765,0.3951255912249559,0.8279354900585606,2.4188874682490136,1.0143686834744616,0.9166666666666666,0.004975124378109453,0.004975124378109453,True
kmeans_eva02,existing_g0,kmeans,eva02,12,212,442,0.0,0.15782518753052582,0.2849130928516388,1.5471236431899615,,0.9458027957098044,0.7678461249078827,0.37932858094964866,0.40300967228808227,0.83965512475224,2.460272855983829,1.0178035900358982,0.9166666666666666,0.004975124378109453,0.004975124378109453,True
kmeans_fused,existing_g0,kmeans,fused,12,237,457,0.0,0.16480116398540232,0.30520984530448914,1.479962978555584,,0.974458907864047,0.7835336115619014,0.401141476908411,0.4456096312339596,0.9865244973670533,2.4707254210008727,0.985276255870072,0.9166666666666666,0.004975124378109453,0.004975124378109453,True
kmeans_radio,existing_g0,kmeans,radio,12,226,458,0.0,0.1532994709492705,0.29865914583206177,1.5527809026101862,,0.9959987099975226,0.7891292123957873,0.42143345917968167,0.43489737432485975,0.8831730220450431,2.5074946521280466,1.0390529223213185,0.9166666666666666,0.004975124378109453,0.004975124378109453,True
kmeans_siglip,existing_g0,kmeans,siglip,12,230,459,0.0,0.18076808320049775,0.29644322395324707,1.477995322574148,,0.9972821058333508,0.7533229781312759,0.3885377552134255,0.4474258179209612,0.895572739443186,2.4280603108508654,0.9633655919812851,0.9166666666666666,0.004975124378109453,0.004975124378109453,True
kmeans_siglip2,existing_g0,kmeans,siglip2,12,214,453,0.0,0.20757685852568566,0.27808678150177,1.5810336197023152,,0.9943472909132438,0.7265892768679977,0.38597774356536113,0.45697953533612673,0.8369372780120705,2.360578643073247,0.9134397705229477,0.9166666666666666,0.004975124378109453,0.004975124378109453,True
kmedoids_pam_fused,existing_g0,kmedoids_pam,fused,12,214,468,0.0,0.15236647730886457,0.3017369210720062,1.4256230203281455,,,0.7817709069275333,0.40753057139789967,0.432193218997353,0.9158243254637648,2.5147469090362873,1.0464030144833492,0.9166666666666666,0.004975124378109453,0.004975124378109453,True
leiden_fused_res_0_5,existing_g0,leiden,fused,13,47,459,0.0,0.17492049426768286,0.29467982053756714,1.439958956830039,,,0.7760300309506961,0.3975925075177526,0.4373158548627197,0.8969964251611698,2.503954319855327,1.0584763285167127,0.9230769230769231,0.004975124378109453,0.004975124378109453,True
leiden_fused_res_1_0,existing_g0,leiden,fused,18,47,459,0.0,0.18059184632407457,0.2942851185798645,1.450622578877695,,,0.7529265467125696,0.3697580835571693,0.4336472731765677,0.8599068080415098,2.541514229727844,1.0713462265019444,0.7222222222222222,0.004975124378109453,0.004975124378109453,True
leiden_fused_res_1_5,existing_g0,leiden,fused,21,45,459,0.0,0.18601576455358373,0.28067532181739807,1.464991743485327,,,0.7648028153455573,0.3943811406336283,0.43287418752312473,0.8608280293910061,2.5635333840625183,1.0560606887601014,0.7142857142857143,0.004975124378109453,0.004975124378109453,True
ward_fused,existing_g0,ward,fused,12,193,456,0.0,0.14958091877883398,0.29508331418037415,1.5615402141993933,,,0.7772700779992684,0.3950581038942416,0.42497301711593716,0.8909011124185487,2.4795282723084946,1.020162062459766,0.9166666666666666,0.004975124378109453,0.004975124378109453,True
turtle_seed42,turtle,turtle,multi-space,12,226,447,0.0,0.15584872090136828,0.26852720975875854,1.7769879937333088,,0.6043308733919243,0.7353162164528965,0.3401960580479742,0.4297512732629728,0.8581121278889206,2.30716676740681,1.016651047511819,0.9166666666666666,0.004975124378109453,0.004975124378109453,True
turtle_seed43,turtle,turtle,multi-space,12,230,412,0.0,0.14284155623288525,0.1687641143798828,2.2939348747785666,,0.6043308733919243,0.6121703052458625,0.2953771710820679,0.3758112110065053,0.7050874275586021,1.976151345395016,0.7637523816064204,0.75,0.004975124378109453,0.004975124378109453,True
turtle_seed44,turtle,turtle,multi-space,12,209,422,0.0,0.15494257953091703,0.21319818496704102,2.1155653466324855,,0.6043308733919243,0.6450604303289658,0.30475169054604195,0.36770690946122664,0.7814983822319178,2.08537898948986,0.9057246059903755,0.75,0.004975124378109453,0.004975124378109453,True
