kind,left,right,ami,vi
lensa_terarah,function,material,0.4014334006277223,2.4498722325366282
lensa_terarah,function,condition,0.36116859397825785,2.5095471366445903
lensa_terarah,function,data_driven,0.7810524236589798,1.050059899684665
lensa_terarah,material,condition,0.2683162559299641,2.4378523443952025
lensa_terarah,material,data_driven,0.39959073429451225,2.526478562412512
lensa_terarah,condition,data_driven,0.44618754881766004,2.23940192570947
ruang_penuh_k_sepadan,function,material,0.7867605652106412,0.8749681172175756
ruang_penuh_k_sepadan,function,condition,0.729616160227338,1.0670334461394675
ruang_penuh_k_sepadan,function,data_driven,0.937901267403941,0.29867585859731083
ruang_penuh_k_sepadan,material,condition,0.9177213210339126,0.27420929801843297
ruang_penuh_k_sepadan,material,data_driven,0.7830450939888272,0.9121868174811354
ruang_penuh_k_sepadan,condition,data_driven,0.7285407517119975,1.0988366376128789
