cluster,cluster_name,facet,discovery_n,holdout_n,residual_mean_z,ci95_low,ci95_high,holdout_residual_mean_z,permutation_p,bh_q,substantive,role
0,laptop,plastic,312,53,0.027132122822338796,-0.0397498945416506,0.09250966810496103,-0.01334039274508429,0.173,0.3302727272727272,False,discovery
0,laptop,plastic,312,53,-0.01334039274508429,-0.0397498945416506,0.09250966810496103,-0.01334039274508429,0.173,0.3302727272727272,False,locked_holdout
0,laptop,metal,312,53,-0.2162896890984964,-0.30877270794793615,-0.11365021449072442,-0.06555931750620683,0.001,0.00336,True,discovery
0,laptop,metal,312,53,-0.06555931750620683,-0.30877270794793615,-0.11365021449072442,-0.06555931750620683,0.001,0.00336,True,locked_holdout
0,laptop,glass,312,53,0.23326732861712499,0.14507027107723336,0.31824946882471533,0.26104400484120976,0.001,0.00336,True,discovery
0,laptop,glass,312,53,0.26104400484120976,0.14507027107723336,0.31824946882471533,0.26104400484120976,0.001,0.00336,True,locked_holdout
0,laptop,rubber,312,53,0.024285740848709426,-0.06073721468715734,0.11701705926689637,-0.16451817895143878,0.34,0.488,False,discovery
0,laptop,rubber,312,53,-0.16451817895143878,-0.06073721468715734,0.11701705926689637,-0.16451817895143878,0.34,0.488,False,locked_holdout
0,laptop,paper_cardboard,312,53,-0.0734122529851368,-0.1603916334984111,0.012115340872766573,-0.09316170599278015,0.005,0.014482758620689654,False,discovery
0,laptop,paper_cardboard,312,53,-0.09316170599278015,-0.1603916334984111,0.012115340872766573,-0.09316170599278015,0.005,0.014482758620689654,False,locked_holdout
0,laptop,other_unknown,312,53,0.021135948185799072,-0.052992537095811,0.10239275088685482,0.004735846170846273,0.408,0.5192727272727272,False,discovery
0,laptop,other_unknown,312,53,0.004735846170846273,-0.052992537095811,0.10239275088685482,0.004735846170846273,0.408,0.5192727272727272,False,locked_holdout
0,laptop,visible_damage,312,53,-0.4801009846714493,-0.5962325123017644,-0.36446427128100173,-0.5751104268665359,0.001,0.00336,True,discovery
0,laptop,visible_damage,312,53,-0.5751104268665359,-0.5962325123017644,-0.36446427128100173,-0.5751104268665359,0.001,0.00336,True,locked_holdout
1,baterai dan aki,plastic,292,39,0.023612987382768194,-0.08921832515040601,0.12402656523033755,-0.08166007510169684,0.366,0.488,False,discovery
1,baterai dan aki,plastic,292,39,-0.08166007510169684,-0.08921832515040601,0.12402656523033755,-0.08166007510169684,0.366,0.488,False,locked_holdout
1,baterai dan aki,metal,292,39,-0.07252952755454019,-0.17013117648125914,0.030488142896932482,-0.13014558613377072,0.002,0.006222222222222223,False,discovery
1,baterai dan aki,metal,292,39,-0.13014558613377072,-0.17013117648125914,0.030488142896932482,-0.13014558613377072,0.002,0.006222222222222223,False,locked_holdout
1,baterai dan aki,glass,292,39,0.04477764759848722,-0.04614134995154415,0.1448391534162736,-0.05234818236536482,0.057,0.1294054054054054,False,discovery
1,baterai dan aki,glass,292,39,-0.05234818236536482,-0.04614134995154415,0.1448391534162736,-0.05234818236536482,0.057,0.1294054054054054,False,locked_holdout
1,baterai dan aki,rubber,292,39,0.006350611322853706,-0.07273335505976296,0.08969827541308262,0.03952572214505932,0.791,0.8410632911392405,False,discovery
1,baterai dan aki,rubber,292,39,0.03952572214505932,-0.07273335505976296,0.08969827541308262,0.03952572214505932,0.791,0.8410632911392405,False,locked_holdout
1,baterai dan aki,paper_cardboard,292,39,-0.04332875733204111,-0.1508256359942978,0.06738400813873108,0.09979404854249048,0.071,0.1529230769230769,False,discovery
1,baterai dan aki,paper_cardboard,292,39,0.09979404854249048,-0.1508256359942978,0.06738400813873108,0.09979404854249048,0.071,0.1529230769230769,False,locked_holdout
1,baterai dan aki,other_unknown,292,39,0.08523118047534456,-0.042698365408666054,0.20311957982393672,0.1856912531255641,0.001,0.00336,False,discovery
1,baterai dan aki,other_unknown,292,39,0.1856912531255641,-0.042698365408666054,0.20311957982393672,0.1856912531255641,0.001,0.00336,False,locked_holdout
1,baterai dan aki,visible_damage,292,39,-0.13701641994556749,-0.21131314404163454,-0.05630189282575577,-0.11218093412026671,0.001,0.00336,False,discovery
1,baterai dan aki,visible_damage,292,39,-0.11218093412026671,-0.21131314404163454,-0.05630189282575577,-0.11218093412026671,0.001,0.00336,False,locked_holdout
2,ponsel dan tablet,plastic,457,70,-0.041412538061106244,-0.13275766809811965,0.05054552680422203,0.25387364291157183,0.013,0.0352258064516129,False,discovery
2,ponsel dan tablet,plastic,457,70,0.25387364291157183,-0.13275766809811965,0.05054552680422203,0.25387364291157183,0.013,0.0352258064516129,False,locked_holdout
2,ponsel dan tablet,metal,457,70,0.013372245724061068,-0.067102371864556,0.10236501156429094,-0.2945644568564341,0.345,0.488,False,discovery
2,ponsel dan tablet,metal,457,70,-0.2945644568564341,-0.067102371864556,0.10236501156429094,-0.2945644568564341,0.345,0.488,False,locked_holdout
2,ponsel dan tablet,glass,457,70,0.07264379053452734,-0.012955135807600207,0.15728914468514135,0.2301577823768386,0.001,0.00336,False,discovery
2,ponsel dan tablet,glass,457,70,0.2301577823768386,-0.012955135807600207,0.15728914468514135,0.2301577823768386,0.001,0.00336,False,locked_holdout
2,ponsel dan tablet,rubber,457,70,-0.02160753855182013,-0.08759036683596753,0.045167032876548975,-0.06658256778529316,0.062,0.13705263157894737,False,discovery
2,ponsel dan tablet,rubber,457,70,-0.06658256778529316,-0.08759036683596753,0.045167032876548975,-0.06658256778529316,0.062,0.13705263157894737,False,locked_holdout
2,ponsel dan tablet,paper_cardboard,457,70,-0.06092985335988534,-0.1460759334222179,0.014064970606409734,-0.08488181413020043,0.001,0.00336,False,discovery
2,ponsel dan tablet,paper_cardboard,457,70,-0.08488181413020043,-0.1460759334222179,0.014064970606409734,-0.08488181413020043,0.001,0.00336,False,locked_holdout
2,ponsel dan tablet,other_unknown,457,70,0.03564814117526856,-0.0342434397499226,0.1083033941698351,-0.010549307040847567,0.01,0.028,False,discovery
2,ponsel dan tablet,other_unknown,457,70,-0.010549307040847567,-0.0342434397499226,0.1083033941698351,-0.010549307040847567,0.01,0.028,False,locked_holdout
2,ponsel dan tablet,visible_damage,457,70,-0.11180205876651775,-0.20940680250021748,-0.00958588414409682,-0.27627271558621586,0.001,0.00336,False,discovery
2,ponsel dan tablet,visible_damage,457,70,-0.27627271558621586,-0.20940680250021748,-0.00958588414409682,-0.27627271558621586,0.001,0.00336,False,locked_holdout
3,perangkat input komputer,plastic,294,65,-0.0889583595603136,-0.20202926258736492,0.016823744239880242,-0.03186459196330051,0.029,0.06766666666666667,False,discovery
3,perangkat input komputer,plastic,294,65,-0.03186459196330051,-0.20202926258736492,0.016823744239880242,-0.03186459196330051,0.029,0.06766666666666667,False,locked_holdout
3,perangkat input komputer,metal,294,65,0.11805915747191728,0.01647385654747509,0.2177152621634079,-0.07529067897024243,0.002,0.006222222222222223,False,discovery
3,perangkat input komputer,metal,294,65,-0.07529067897024243,0.01647385654747509,0.2177152621634079,-0.07529067897024243,0.002,0.006222222222222223,False,locked_holdout
3,perangkat input komputer,glass,294,65,-0.04495403304047085,-0.13283011260557998,0.0429659689293751,-0.19737144652593083,0.199,0.3556595744680851,False,discovery
3,perangkat input komputer,glass,294,65,-0.19737144652593083,-0.13283011260557998,0.0429659689293751,-0.19737144652593083,0.199,0.3556595744680851,False,locked_holdout
3,perangkat input komputer,rubber,294,65,0.49524925064444,0.3231925190513596,0.6703808248746802,0.8488413739380604,0.001,0.00336,True,discovery
3,perangkat input komputer,rubber,294,65,0.8488413739380604,0.3231925190513596,0.6703808248746802,0.8488413739380604,0.001,0.00336,True,locked_holdout
3,perangkat input komputer,paper_cardboard,294,65,-0.38108284674559373,-0.4858947577871945,-0.2808398459662554,-0.2899981973272333,0.001,0.00336,True,discovery
3,perangkat input komputer,paper_cardboard,294,65,-0.2899981973272333,-0.4858947577871945,-0.2808398459662554,-0.2899981973272333,0.001,0.00336,True,locked_holdout
3,perangkat input komputer,other_unknown,294,65,0.18642905398515922,0.06422397407009414,0.3127131120821172,0.17104971720729767,0.001,0.00336,False,discovery
3,perangkat input komputer,other_unknown,294,65,0.17104971720729767,0.06422397407009414,0.3127131120821172,0.17104971720729767,0.001,0.00336,False,locked_holdout
3,perangkat input komputer,visible_damage,294,65,0.013524948528747603,-0.0175125567862274,0.05112043447422238,0.034373085539252314,0.292,0.4716923076923077,False,discovery
3,perangkat input komputer,visible_damage,294,65,0.034373085539252314,-0.0175125567862274,0.05112043447422238,0.034373085539252314,0.292,0.4716923076923077,False,locked_holdout
4,mesin cuci,plastic,266,39,-0.005502189274950964,-0.13972854562628412,0.13452684283054986,0.3158925581359367,0.703,0.7669090909090909,False,discovery
4,mesin cuci,plastic,266,39,0.3158925581359367,-0.13972854562628412,0.13452684283054986,0.3158925581359367,0.703,0.7669090909090909,False,locked_holdout
4,mesin cuci,metal,266,39,0.009516820798336429,-0.09874015230577053,0.12371830371697314,-0.07604657353634,0.471,0.5818235294117647,False,discovery
4,mesin cuci,metal,266,39,-0.07604657353634,-0.09874015230577053,0.12371830371697314,-0.07604657353634,0.471,0.5818235294117647,False,locked_holdout
4,mesin cuci,glass,266,39,0.012842137901516672,-0.08771733145956355,0.11991792321585576,0.0522699456218265,0.332,0.488,False,discovery
4,mesin cuci,glass,266,39,0.0522699456218265,-0.08771733145956355,0.11991792321585576,0.0522699456218265,0.332,0.488,False,locked_holdout
4,mesin cuci,rubber,266,39,-0.03240364470526129,-0.15214965252614163,0.0909402090664779,-0.1996702064750864,0.023,0.0552,False,discovery
4,mesin cuci,rubber,266,39,-0.1996702064750864,-0.15214965252614163,0.0909402090664779,-0.1996702064750864,0.023,0.0552,False,locked_holdout
4,mesin cuci,paper_cardboard,266,39,0.0074112583833952205,-0.11303530509644155,0.12577263900131366,0.08761263905328115,0.58,0.6766666666666666,False,discovery
4,mesin cuci,paper_cardboard,266,39,0.08761263905328115,-0.11303530509644155,0.12577263900131366,0.08761263905328115,0.58,0.6766666666666666,False,locked_holdout
4,mesin cuci,other_unknown,266,39,-0.011859671936917652,-0.1569167428215178,0.1223122420961108,-0.31634659328228737,0.35,0.488,False,discovery
4,mesin cuci,other_unknown,266,39,-0.31634659328228737,-0.1569167428215178,0.1223122420961108,-0.31634659328228737,0.35,0.488,False,locked_holdout
4,mesin cuci,visible_damage,266,39,0.0011301606594463667,-0.030560422635849127,0.03534610405947864,-0.05831849668034052,0.918,0.9290602409638555,False,discovery
4,mesin cuci,visible_damage,266,39,-0.05831849668034052,-0.030560422635849127,0.03534610405947864,-0.05831849668034052,0.918,0.9290602409638555,False,locked_holdout
5,printer dan mesin fotokopi,plastic,254,41,0.007024446447055573,-0.07464885072628594,0.08555801701880655,0.02261686103420424,0.487,0.5928695652173913,False,discovery
5,printer dan mesin fotokopi,plastic,254,41,0.02261686103420424,-0.07464885072628594,0.08555801701880655,0.02261686103420424,0.487,0.5928695652173913,False,locked_holdout
5,printer dan mesin fotokopi,metal,254,41,-0.00678654801827652,-0.10841425651007848,0.10259522871321375,0.007206703192933473,0.544,0.643605633802817,False,discovery
5,printer dan mesin fotokopi,metal,254,41,0.007206703192933473,-0.10841425651007848,0.10259522871321375,0.007206703192933473,0.544,0.643605633802817,False,locked_holdout
5,printer dan mesin fotokopi,glass,254,41,-0.010253935826409755,-0.10880986211798956,0.0964894886868175,-0.012120507442329717,0.359,0.488,False,discovery
5,printer dan mesin fotokopi,glass,254,41,-0.012120507442329717,-0.10880986211798956,0.0964894886868175,-0.012120507442329717,0.359,0.488,False,locked_holdout
5,printer dan mesin fotokopi,rubber,254,41,0.012501785537988062,-0.06127670907159878,0.09810968107561573,-0.09088995019752383,0.198,0.3556595744680851,False,discovery
5,printer dan mesin fotokopi,rubber,254,41,-0.09088995019752383,-0.06127670907159878,0.09810968107561573,-0.09088995019752383,0.198,0.3556595744680851,False,locked_holdout
5,printer dan mesin fotokopi,paper_cardboard,254,41,0.001812124764834834,-0.1105059302865599,0.106862561821528,-0.012673580198631367,0.867,0.8991111111111112,False,discovery
5,printer dan mesin fotokopi,paper_cardboard,254,41,-0.012673580198631367,-0.1105059302865599,0.106862561821528,-0.012673580198631367,0.867,0.8991111111111112,False,locked_holdout
5,printer dan mesin fotokopi,other_unknown,254,41,0.004407642690373168,-0.12135414225235461,0.12316276963028842,0.09964370981033806,0.723,0.7786153846153846,False,discovery
5,printer dan mesin fotokopi,other_unknown,254,41,0.09964370981033806,-0.12135414225235461,0.12316276963028842,0.09964370981033806,0.723,0.7786153846153846,False,locked_holdout
5,printer dan mesin fotokopi,visible_damage,254,41,-0.04104629819588706,-0.0776609040379653,-0.0038041368070780533,0.035626151220268555,0.001,0.00336,False,discovery
5,printer dan mesin fotokopi,visible_damage,254,41,0.035626151220268555,-0.0776609040379653,-0.0038041368070780533,0.035626151220268555,0.001,0.00336,False,locked_holdout
6,tumpukan limbah campuran,plastic,334,59,0.02720493027175795,-0.0687854978979454,0.12421273432811468,-0.14358956650032348,0.439,0.5503880597014925,False,discovery
6,tumpukan limbah campuran,plastic,334,59,-0.14358956650032348,-0.0687854978979454,0.12421273432811468,-0.14358956650032348,0.439,0.5503880597014925,False,locked_holdout
6,tumpukan limbah campuran,metal,334,59,0.2639749828005063,0.1641198876837525,0.3686013224819288,0.31569919252302514,0.001,0.00336,True,discovery
6,tumpukan limbah campuran,metal,334,59,0.31569919252302514,0.1641198876837525,0.3686013224819288,0.31569919252302514,0.001,0.00336,True,locked_holdout
6,tumpukan limbah campuran,glass,334,59,-0.4684343135395208,-0.5608290783689527,-0.37704049355865304,-0.3209357671006084,0.001,0.00336,True,discovery
6,tumpukan limbah campuran,glass,334,59,-0.3209357671006084,-0.5608290783689527,-0.37704049355865304,-0.3209357671006084,0.001,0.00336,True,locked_holdout
6,tumpukan limbah campuran,rubber,334,59,-0.037260251955259054,-0.11199512297365644,0.04311620917280651,0.034682191350175307,0.258,0.44571428571428573,False,discovery
6,tumpukan limbah campuran,rubber,334,59,0.034682191350175307,-0.11199512297365644,0.04311620917280651,0.034682191350175307,0.258,0.44571428571428573,False,locked_holdout
6,tumpukan limbah campuran,paper_cardboard,334,59,0.24662201633753242,0.16590444961553016,0.3181602961380628,0.029544424804359693,0.001,0.00336,True,discovery
6,tumpukan limbah campuran,paper_cardboard,334,59,0.029544424804359693,0.16590444961553016,0.3181602961380628,0.029544424804359693,0.001,0.00336,True,locked_holdout
6,tumpukan limbah campuran,other_unknown,334,59,-0.05719598143349181,-0.14916861534256268,0.0376678487993102,0.13541587665437627,0.089,0.18234146341463414,False,discovery
6,tumpukan limbah campuran,other_unknown,334,59,0.13541587665437627,-0.14916861534256268,0.0376678487993102,0.13541587665437627,0.089,0.18234146341463414,False,locked_holdout
6,tumpukan limbah campuran,visible_damage,334,59,0.8686785214662417,0.7851446898812906,0.94625375049931,0.8762412141995779,0.001,0.00336,True,discovery
6,tumpukan limbah campuran,visible_damage,334,59,0.8762412141995779,0.7851446898812906,0.94625375049931,0.8762412141995779,0.001,0.00336,True,locked_holdout
7,peralatan memasak listrik,plastic,237,40,0.016494324282408632,-0.08864483335315683,0.10874426543844398,0.10523331780830769,0.135,0.27,False,discovery
7,peralatan memasak listrik,plastic,237,40,0.10523331780830769,-0.08864483335315683,0.10874426543844398,0.10523331780830769,0.135,0.27,False,locked_holdout
7,peralatan memasak listrik,metal,237,40,-0.01482116055436633,-0.13999631980847646,0.10471886445659222,-0.13209248262162618,0.274,0.46032000000000006,False,discovery
7,peralatan memasak listrik,metal,237,40,-0.13209248262162618,-0.13999631980847646,0.10471886445659222,-0.13209248262162618,0.274,0.46032000000000006,False,locked_holdout
7,peralatan memasak listrik,glass,237,40,0.006238837035096699,-0.0856471609090395,0.10064510542039999,-0.02605635671267823,0.59,0.678904109589041,False,discovery
7,peralatan memasak listrik,glass,237,40,-0.02605635671267823,-0.0856471609090395,0.10064510542039999,-0.02605635671267823,0.59,0.678904109589041,False,locked_holdout
7,peralatan memasak listrik,rubber,237,40,0.001551107108810717,-0.05998318424348237,0.06919985992883038,-0.06083120900424492,0.863,0.8991111111111112,False,discovery
7,peralatan memasak listrik,rubber,237,40,-0.06083120900424492,-0.05998318424348237,0.06919985992883038,-0.06083120900424492,0.863,0.8991111111111112,False,locked_holdout
7,peralatan memasak listrik,paper_cardboard,237,40,0.0017277285509027626,-0.11403882098451097,0.12191777858594365,0.13667084383588246,0.9,0.9219512195121953,False,discovery
7,peralatan memasak listrik,paper_cardboard,237,40,0.13667084383588246,-0.11403882098451097,0.12191777858594365,0.13667084383588246,0.9,0.9219512195121953,False,locked_holdout
7,peralatan memasak listrik,other_unknown,237,40,-0.01190884733683446,-0.11498112620305892,0.0807128295939122,-0.055637474698737845,0.365,0.488,False,discovery
7,peralatan memasak listrik,other_unknown,237,40,-0.055637474698737845,-0.11498112620305892,0.0807128295939122,-0.055637474698737845,0.365,0.488,False,locked_holdout
7,peralatan memasak listrik,visible_damage,237,40,-0.030308028986920636,-0.06270555903849122,0.004579775657718097,-0.0345732827236573,0.001,0.00336,False,discovery
7,peralatan memasak listrik,visible_damage,237,40,-0.0345732827236573,-0.06270555903849122,0.004579775657718097,-0.0345732827236573,0.001,0.00336,False,locked_holdout
8,perangkat input komputer,plastic,277,45,0.10373202298670185,-0.014107424249789108,0.21094857967055167,-0.02477250267279899,0.021,0.05188235294117647,False,discovery
8,perangkat input komputer,plastic,277,45,-0.02477250267279899,-0.014107424249789108,0.21094857967055167,-0.02477250267279899,0.021,0.05188235294117647,False,locked_holdout
8,perangkat input komputer,metal,277,45,-0.14928969787704965,-0.250105081135438,-0.047198788681330685,-0.09778823971820019,0.001,0.00336,False,discovery
8,perangkat input komputer,metal,277,45,-0.09778823971820019,-0.250105081135438,-0.047198788681330685,-0.09778823971820019,0.001,0.00336,False,locked_holdout
8,perangkat input komputer,glass,277,45,0.024138798775732974,-0.072288087657522,0.13148983700190536,0.2229082914395608,0.526,0.6312000000000001,False,discovery
8,perangkat input komputer,glass,277,45,0.2229082914395608,-0.072288087657522,0.13148983700190536,0.2229082914395608,0.526,0.6312000000000001,False,locked_holdout
8,perangkat input komputer,rubber,277,45,-0.45284814309657856,-0.5544748011282482,-0.3530872490295518,-0.45798945901202975,0.001,0.00336,True,discovery
8,perangkat input komputer,rubber,277,45,-0.45798945901202975,-0.5544748011282482,-0.3530872490295518,-0.45798945901202975,0.001,0.00336,True,locked_holdout
8,perangkat input komputer,paper_cardboard,277,45,0.41804160324218537,0.299287258030726,0.531361322422424,0.1671603423791469,0.001,0.00336,True,discovery
8,perangkat input komputer,paper_cardboard,277,45,0.1671603423791469,0.299287258030726,0.531361322422424,0.1671603423791469,0.001,0.00336,True,locked_holdout
8,perangkat input komputer,other_unknown,277,45,-0.22863186336857658,-0.38437152898771454,-0.08119758457413179,-0.036855656063842376,0.001,0.00336,True,discovery
8,perangkat input komputer,other_unknown,277,45,-0.036855656063842376,-0.38437152898771454,-0.08119758457413179,-0.036855656063842376,0.001,0.00336,True,locked_holdout
8,perangkat input komputer,visible_damage,277,45,-0.07827260143285186,-0.11649424350583955,-0.039031054673306906,-0.129630810306212,0.001,0.00336,False,discovery
8,perangkat input komputer,visible_damage,277,45,-0.129630810306212,-0.11649424350583955,-0.039031054673306906,-0.129630810306212,0.001,0.00336,False,locked_holdout
9,perangkat audio,plastic,250,41,0.05340995744673515,-0.07425875447800157,0.16849826678898394,0.1587429252967624,0.004,0.012,False,discovery
9,perangkat audio,plastic,250,41,0.1587429252967624,-0.07425875447800157,0.16849826678898394,0.1587429252967624,0.004,0.012,False,locked_holdout
9,perangkat audio,metal,250,41,0.009217185504187028,-0.09654231615754356,0.12250601885039519,0.022462408685656625,0.617,0.6841578947368422,False,discovery
9,perangkat audio,metal,250,41,0.022462408685656625,-0.09654231615754356,0.12250601885039519,0.022462408685656625,0.617,0.6841578947368422,False,locked_holdout
9,perangkat audio,glass,250,41,-0.0010148997051146439,-0.11153472381795546,0.10985271537796168,0.07251497602349057,0.967,0.967,False,discovery
9,perangkat audio,glass,250,41,0.07251497602349057,-0.11153472381795546,0.10985271537796168,0.07251497602349057,0.967,0.967,False,locked_holdout
9,perangkat audio,rubber,250,41,-0.021766417446601544,-0.1768601335423974,0.13924058189650443,-0.24106871643592553,0.337,0.488,False,discovery
9,perangkat audio,rubber,250,41,-0.24106871643592553,-0.1768601335423974,0.13924058189650443,-0.24106871643592553,0.337,0.488,False,locked_holdout
9,perangkat audio,paper_cardboard,250,41,-0.017144038913693874,-0.1384555464939707,0.10994280071210602,-0.04394248907086287,0.382,0.4936615384615385,False,discovery
9,perangkat audio,paper_cardboard,250,41,-0.04394248907086287,-0.1384555464939707,0.10994280071210602,-0.04394248907086287,0.382,0.4936615384615385,False,locked_holdout
9,perangkat audio,other_unknown,250,41,-0.02580893176493516,-0.14596851666997215,0.08727272044650015,-0.032376096406782726,0.195,0.3556595744680851,False,discovery
9,perangkat audio,other_unknown,250,41,-0.032376096406782726,-0.14596851666997215,0.08727272044650015,-0.032376096406782726,0.195,0.3556595744680851,False,locked_holdout
9,perangkat audio,visible_damage,250,41,-0.012906816735591995,-0.08265593958070387,0.06085028206131425,-0.0026371087122948173,0.377,0.4936615384615385,False,discovery
9,perangkat audio,visible_damage,250,41,-0.0026371087122948173,-0.08265593958070387,0.06085028206131425,-0.0026371087122948173,0.377,0.4936615384615385,False,locked_holdout
10,televisi dan monitor,plastic,291,52,-0.06420838202728991,-0.15847553259676522,0.02035406575264331,-0.11319742032965464,0.001,0.00336,False,discovery
10,televisi dan monitor,plastic,291,52,-0.11319742032965464,-0.15847553259676522,0.02035406575264331,-0.11319742032965464,0.001,0.00336,False,locked_holdout
10,televisi dan monitor,metal,291,52,0.03140888579721553,-0.07812368131607138,0.1410876288019541,0.02149276254411122,0.153,0.2988837209302326,False,discovery
10,televisi dan monitor,metal,291,52,0.02149276254411122,-0.07812368131607138,0.1410876288019541,0.02149276254411122,0.153,0.2988837209302326,False,locked_holdout
10,televisi dan monitor,glass,291,52,0.08312808669217635,0.0041294147462183324,0.1592170923553586,0.20045171213618126,0.001,0.00336,False,discovery
10,televisi dan monitor,glass,291,52,0.20045171213618126,0.0041294147462183324,0.1592170923553586,0.20045171213618126,0.001,0.00336,False,locked_holdout
10,televisi dan monitor,rubber,291,52,0.022717934766729043,-0.06779449346482223,0.11708183422655578,-0.18682292654621735,0.26,0.44571428571428573,False,discovery
10,televisi dan monitor,rubber,291,52,-0.18682292654621735,-0.06779449346482223,0.11708183422655578,-0.18682292654621735,0.26,0.44571428571428573,False,locked_holdout
10,televisi dan monitor,paper_cardboard,291,52,-0.09562653956613905,-0.18905126868699593,0.0034368223632555797,-0.049820845008297344,0.001,0.00336,False,discovery
10,televisi dan monitor,paper_cardboard,291,52,-0.049820845008297344,-0.18905126868699593,0.0034368223632555797,-0.049820845008297344,0.001,0.00336,False,locked_holdout
10,televisi dan monitor,other_unknown,291,52,0.033660398169154386,-0.08679152905116355,0.14277754941068058,0.03552587680172915,0.078,0.1638,False,discovery
10,televisi dan monitor,other_unknown,291,52,0.03552587680172915,-0.08679152905116355,0.14277754941068058,0.03552587680172915,0.078,0.1638,False,locked_holdout
10,televisi dan monitor,visible_damage,291,52,-0.010008118442761506,-0.07794635762378034,0.05632701840565213,0.15267843203322648,0.612,0.6841578947368422,False,discovery
10,televisi dan monitor,visible_damage,291,52,0.15267843203322648,-0.07794635762378034,0.05632701840565213,0.15267843203322648,0.612,0.6841578947368422,False,locked_holdout
11,papan sirkuit tercetak,plastic,315,56,-0.022218337164609418,-0.15370734079790585,0.11013181788717183,-0.10516304092484166,0.352,0.488,False,discovery
11,papan sirkuit tercetak,plastic,315,56,-0.10516304092484166,-0.15370734079790585,0.11013181788717183,-0.10516304092484166,0.352,0.488,False,locked_holdout
11,papan sirkuit tercetak,metal,315,56,-0.024486538789765786,-0.12278328956873907,0.08381181988930225,-0.18830547294016634,0.292,0.4716923076923077,False,discovery
11,papan sirkuit tercetak,metal,315,56,-0.18830547294016634,-0.12278328956873907,0.08381181988930225,-0.18830547294016634,0.292,0.4716923076923077,False,locked_holdout
11,papan sirkuit tercetak,glass,315,56,0.05621506543899103,-0.05480433456567021,0.1552143178874934,0.16576598773680568,0.018,0.04724999999999999,False,discovery
11,papan sirkuit tercetak,glass,315,56,0.16576598773680568,-0.05480433456567021,0.1552143178874934,0.16576598773680568,0.018,0.04724999999999999,False,locked_holdout
11,papan sirkuit tercetak,rubber,315,56,-0.010696239704288218,-0.09767121192611723,0.08440181239737564,0.04286166292359802,0.619,0.6841578947368422,False,discovery
11,papan sirkuit tercetak,rubber,315,56,0.04286166292359802,-0.09767121192611723,0.08440181239737564,0.04286166292359802,0.619,0.6841578947368422,False,locked_holdout
11,papan sirkuit tercetak,paper_cardboard,315,56,0.020770886036585688,-0.08557051697441766,0.11873092316499223,0.08148555461691871,0.341,0.488,False,discovery
11,papan sirkuit tercetak,paper_cardboard,315,56,0.08148555461691871,-0.08557051697441766,0.11873092316499223,0.08148555461691871,0.341,0.488,False,locked_holdout
11,papan sirkuit tercetak,other_unknown,315,56,-0.059156170110849435,-0.16956900080206289,0.047919143547366566,-0.0466645776447019,0.019,0.04836363636363636,False,discovery
11,papan sirkuit tercetak,other_unknown,315,56,-0.0466645776447019,-0.16956900080206289,0.047919143547366566,-0.0466645776447019,0.019,0.04836363636363636,False,locked_holdout
11,papan sirkuit tercetak,visible_damage,315,56,-0.02569016258855759,-0.1251836575649777,0.08869795847622161,-0.10286483999079883,0.305,0.48339622641509433,False,discovery
11,papan sirkuit tercetak,visible_damage,315,56,-0.10286483999079883,-0.1251836575649777,0.08869795847622161,-0.10286483999079883,0.305,0.48339622641509433,False,locked_holdout
