estimator,true_family,predicted_family,count
fused,battery,battery,131
fused,battery,mobile,15
fused,battery,pcb,2
fused,battery,input_peripheral,0
fused,mobile,battery,2
fused,mobile,mobile,133
fused,mobile,pcb,16
fused,mobile,input_peripheral,0
fused,pcb,battery,0
fused,pcb,mobile,0
fused,pcb,pcb,205
fused,pcb,input_peripheral,0
fused,input_peripheral,battery,14
fused,input_peripheral,mobile,0
fused,input_peripheral,pcb,16
fused,input_peripheral,input_peripheral,176
radio,battery,battery,93
radio,battery,mobile,38
radio,battery,pcb,17
radio,battery,input_peripheral,0
radio,mobile,battery,1
radio,mobile,mobile,142
radio,mobile,pcb,8
radio,mobile,input_peripheral,0
radio,pcb,battery,0
radio,pcb,mobile,0
radio,pcb,pcb,205
radio,pcb,input_peripheral,0
radio,input_peripheral,battery,5
radio,input_peripheral,mobile,0
radio,input_peripheral,pcb,16
radio,input_peripheral,input_peripheral,185
