cluster,N,semantic_name,largest_mean_fraction_material,mean_plastic,median_plastic,enrichment_plastic_vs_global_mean,mean_metal,median_metal,enrichment_metal_vs_global_mean,mean_glass,median_glass,enrichment_glass_vs_global_mean,mean_rubber,median_rubber,enrichment_rubber_vs_global_mean,mean_paper_cardboard,median_paper_cardboard,enrichment_paper_cardboard_vs_global_mean,mean_other_unknown,median_other_unknown,enrichment_other_unknown_vs_global_mean,mean_shannon_entropy_nats
0,316,input_peripheral,plastic,0.451656002427358,0.44096141499999997,1.3674829843769178,0.033769126570575944,0.0,0.5481804983927479,0.048433576645015824,0.0,0.48620123985130154,0.0015055356028924047,0.0,0.37716841024205183,0.15194903315170577,0.011457443500000001,1.5513828481129899,0.3126867256619549,0.26606369,0.7690981706591409,0.6548905703674595
1,340,battery,other_unknown,0.18341543974295887,0.11695099,0.555328594267595,0.023269845414217637,0.0,0.3777437189566749,0.034598030020082354,0.0,0.347312882041877,0.0009323134557647059,0.0,0.23356417694970846,0.2686185785985897,0.094347,2.7425660228208226,0.4891657922532501,0.5348854000000001,1.2031739280730807,0.6547069954018377
2,391,bulk_scrap,plastic,0.3841052188487722,0.35369873,1.1629588628583494,0.1281140620853547,0.0146484375,2.0796993448525365,0.03848894248520971,0.00079622166,0.3863718695406349,0.0004944195596930946,0.0,0.1238625237183094,0.07740356115981967,0.016164012,0.7902818114434379,0.3713937978554218,0.288208,0.9134966951988834,0.741121061472938
3,304,washing_machine,other_unknown,0.3206119539272301,0.22239684999999998,0.9707197274630232,0.09971239738275657,0.022109985,1.6186498510400462,0.03687700215594506,9.34600825e-05,0.37019038056246256,0.003797681746282895,0.0,0.9513993452555668,0.07615797065357169,0.00091934205,0.7775644699304044,0.4628429945695065,0.47377395499999997,1.1384292047326836,0.7154308607391323
4,376,laptop,plastic,0.4246177996445743,0.411942795,1.285619172017785,0.0256652855969016,0.0,0.41662934398074297,0.1847873576278457,0.15083822000000002,1.8549908681325942,0.00033561472498670216,0.0,0.08407856448819187,0.04241634563865959,0.00759379075,0.43306620475663093,0.3221775962212476,0.291481015,0.7924423377953118,0.9289333590278817
5,527,phone_tablet,other_unknown,0.23330641244018238,0.16662979,0.7063839458422472,0.0539999928180309,0.0024642944,0.8765919045707824,0.17187529055181505,0.09729767,1.7253728746603876,0.0006708992456609109,0.0,0.16807440583429467,0.042834295153118776,0.0,0.4373334231433499,0.49731310971062614,0.5287857,1.2232134322732733,0.8174344711904316
6,277,cooking_appliance,other_unknown,0.3092120353574728,0.28149033,0.9362040903771798,0.09133077658858701,0.003501892,1.482589445252402,0.19179828485259331,0.14112473,1.9253701740872848,1.3248154476534296e-05,0.0,0.003318942011703901,0.09055109824588269,0.0031738281,0.9245167131547465,0.3170945579782309,0.29883957,0.7799398709706696,0.9416311503285191
7,359,input_peripheral,other_unknown,0.3345623726723648,0.26096725,1.012957537115454,0.03536372013588329,2.2888184e-05,0.5740658316582431,0.027053591291876858,0.0,0.271577912260058,0.024337784064431763,0.0,6.097128029892292,0.048283778212153204,0.0,0.4929720433669325,0.5303987528416713,0.5849266,1.304592350912364,0.6415250006358441
8,371,pcb,other_unknown,0.23990341016895486,0.074596405,0.726357735836371,0.1254337407159446,0.010807037,2.0361891906569523,0.07466813153007545,0.0016403198,0.7495572419394856,0.0010628397161495959,0.0,0.2662637571055206,0.17308973037614442,0.03684616,1.7672270321190782,0.38584214701981134,0.31106907,0.9490344970926226,0.6916919474357875
9,295,printer,plastic,0.5420191682240677,0.5535698,1.6410763629157212,0.010030407259805425,0.0,0.16282546246112742,0.0220100965449139,0.0,0.2209487089466318,0.000570213036881356,0.0,0.14285038773354305,0.13325986811648236,0.041942596,1.3605685370258571,0.2921102494287323,0.2572136,0.7184873550062516,0.7033855396920105
10,336,display,other_unknown,0.2586923578711546,0.227754595,0.7832452035972768,0.051268935303997024,0.00049845378,0.8322581411240598,0.2836933400934464,0.235343935,2.8478601673780126,0.0017690040852886904,0.0,0.4431728198776537,0.035463729208581235,0.0,0.36208075881198165,0.36911263370125014,0.324075695,0.907885842438081,0.8722368892189782
11,287,audio,other_unknown,0.36002412865735195,0.3258171,1.0900483271740387,0.054439216394031355,0.009811401,0.8837219023897834,0.036773363070313564,0.0015144348,0.36914999793079345,0.014505507386506274,0.0,3.633935424849535,0.07025606153871425,0.00018310547,0.7173066296401664,0.464001723334718,0.45822525,1.1412792655138944,0.727101905629712
