source_class,N,mean_bbox_area_fraction,mean_glass,median_glass,mean_metal,median_metal,mean_paper_cardboard,median_paper_cardboard,mean_plastic,median_plastic,mean_rubber,median_rubber,mean_other_unknown,median_other_unknown,largest_mean_fraction_material
Battery Waste,148,0.05010115133749472,0.08147009181259467,0.0,0.11535394242967245,0.024888382959734917,0.14967064719046033,0.0031961332460285264,0.20360693216644232,0.15939156668197116,0.0,0.0,0.44989838640083024,0.45033792240300374,other_unknown
Glass Waste,127,0.23530824916569268,0.20542649760069065,0.13461342309261526,0.0050640016644657735,0.0,0.07447068600122493,0.0005742154303170435,0.2193504214548964,0.16796703296703297,7.731941190759287e-06,0.0,0.4956806613375316,0.47824743542207393,other_unknown
Keyboard,126,0.4663947271922278,0.017217990673036386,0.0,0.03271613700960477,0.004124857067820819,0.0015894696005754915,0.0,0.6076254995021063,0.6472601857320577,0.000786460329444367,0.0,0.34006444288523263,0.30354803607236336,plastic
Light Bulb,43,0.09701138873432957,0.002426131950630997,0.0,0.038185917165795176,0.022464526492564557,0.0009106281034996909,0.0,0.4263150414237838,0.3264958530805687,0.0599209157740406,0.0,0.4722413655822498,0.4985339340627905,other_unknown
Medical Waste,282,0.15162187941530916,0.0005746785214607834,0.0,0.02158035018774675,0.0,0.08624271409447434,0.0,0.060098518186501505,0.00027539977142782435,8.442461439455605e-06,0.0,0.8314952965483772,0.9280755647520673,other_unknown
Metal Waste,293,0.13865291868867322,0.013181454203647316,0.0,0.11421529917883859,0.0031064916966670538,0.12950327814472168,0.0,0.18638109046895732,0.046264546264546264,5.879002536025787e-06,0.0,0.556712999001299,0.6201393728222997,other_unknown
Mobile,151,0.13001703426537925,0.2255752395191858,0.1979100445009536,0.04705788121286223,0.0,0.0036783809739817518,0.0,0.4814403939700569,0.4878317385809713,0.00046565311773179074,0.0,0.24178245120618155,0.22812619138391155,plastic
Mouse,80,0.12532987594604492,0.04709374469955509,0.00017877361301471903,0.040146014141044274,0.00025377797499830806,0.0,0.0,0.522824408432546,0.5972484381326815,0.08800806393740149,0.0,0.3019277687894532,0.2868327711421361,plastic
Organic Waste,100,0.08931827545166016,0.006648613371828691,0.0,0.017145704141118566,0.0,4.921237677525754e-06,0.0,0.0875413304362088,0.0018636653315758519,0.002756849579704348,0.0,0.8859025812334622,0.9617820417389382,other_unknown
Paper Waste,200,0.17594793319702148,0.0025631122484470335,0.0,6.70397357713638e-05,0.0,0.3714018615681073,0.3699238184389253,0.16131946834098923,0.06286478938259348,0.0,0.0,0.46464851810668506,0.4080363158189245,other_unknown
PCB,205,0.37620663526581555,0.0317765828968437,0.0,0.08685311099385278,0.005807089140422474,0.11309255680705481,0.012269207861822513,0.424150107661958,0.4275093140477756,0.0,0.0,0.3441276416402908,0.32938550391712806,plastic
Plastic Waste,398,0.22326212552324612,0.07006803747615523,0.0,0.022996939000598477,0.0,0.12989673408031205,0.042457710090387464,0.3792461175190104,0.30471467040645894,0.00779399074297796,0.0,0.38999818118094587,0.3251266601024325,other_unknown
