estimator,target,material,mae,mae_ci_low,mae_ci_high,spearman,spearman_ci_low,spearman_ci_high
fused_k12,six_materials,plastic,0.20425539052908953,0.19168697487714864,0.2164301000514903,0.38931880295471627,0.3180471002169737,0.4606186546961936
fused_k12,six_materials,metal,0.06318705382013026,0.05400769576167546,0.07358435000938744,0.3826481238045761,0.31061763021395694,0.4491381400271468
fused_k12,six_materials,glass,0.08362891840892595,0.07395132565505334,0.09455944391651296,0.6063365492848233,0.548626392165465,0.6550859209298903
fused_k12,six_materials,rubber,0.004959894445866919,0.00312276620405556,0.007204920927551844,0.28366841533037146,0.1983409940094989,0.3593412505553105
fused_k12,six_materials,paper_cardboard,0.0913018781364576,0.07955519188535139,0.10355575265671402,0.33696464627385514,0.2635835271667738,0.41148776597777814
fused_k12,six_materials,other_unknown,0.22218585450683132,0.20981464134440195,0.23465760588783452,0.371847755658821,0.3050025506034113,0.4430449020501024
fused_k12,five_materials,plastic,0.26131194609151254,0.24603806699201325,0.2778311718337437,0.3967762680018097,0.3231743900807105,0.46379478194778284
fused_k12,five_materials,metal,0.13068522446552674,0.11587779196854314,0.1461523054662212,0.3757802468030321,0.3054454216176333,0.4469187395434931
fused_k12,five_materials,glass,0.13157639791976036,0.11914700478304983,0.14510734355104382,0.5918721662789757,0.5377073267065215,0.6422130568123653
fused_k12,five_materials,rubber,0.015478161067562854,0.01012078773734678,0.02213124160325797,0.27967179629227346,0.19981012361556724,0.3568910935349776
fused_k12,five_materials,paper_cardboard,0.13504487802837045,0.12121134530510821,0.1504360972493386,0.3620886213989537,0.2857717366051619,0.43304100878264706
fused_k14,six_materials,plastic,0.203984270132805,0.192087806866623,0.21642526475245144,0.39253135311856263,0.31767104270141144,0.46108499686763577
fused_k14,six_materials,metal,0.06349582320705266,0.05340226390461078,0.0735725442593129,0.3808687641231408,0.30640453332990586,0.4477619683982553
fused_k14,six_materials,glass,0.08255110132178613,0.07299632009108299,0.09256657243801923,0.6087004982964733,0.5555756031022249,0.6605937047353222
fused_k14,six_materials,rubber,0.004971039179052749,0.003121229936237049,0.0072100459459120475,0.29160549937104635,0.20524050308309244,0.3650294765499036
fused_k14,six_materials,paper_cardboard,0.0912481303079118,0.07915800758828165,0.10454457186239878,0.33368846704191385,0.2550842433750294,0.405671138095253
fused_k14,six_materials,other_unknown,0.22164533892911617,0.20899572939623376,0.23460221895695163,0.36887981313449764,0.2963667196324263,0.4375781087469463
fused_k14,five_materials,plastic,0.2610738165193548,0.2460506141483888,0.27768901748265623,0.40173197722221443,0.32858694829229534,0.469040099726162
fused_k14,five_materials,metal,0.13094758384159622,0.11570573201803276,0.1466677627104402,0.3755909371539735,0.3025049131588079,0.4496057215360408
fused_k14,five_materials,glass,0.13019379417949373,0.11671442847322862,0.14380381580552007,0.5961708846221279,0.5376973882421753,0.6459398503161294
fused_k14,five_materials,rubber,0.01550274359131823,0.010149728329245352,0.022672112147405506,0.28717471545736656,0.20606561903449458,0.36379410835342246
fused_k14,five_materials,paper_cardboard,0.13528119941915068,0.12107293870057922,0.15113553848362435,0.3558867473715573,0.269628512921597,0.4243051835627425
